BHID,FROM,TO,Au
0,0,1,0.009378221
0,1,2,0.004839446
0,2,3,0.007504553
0,3,4,0.007613832
0,4,5,0.008236639
0,5,6,0.0028356
0,6,7,0.001999685
0,7,8,0.010787255
0,8,9,0.00648814
0,9,10,0.002906335
0,10,11,0.006623354
0,11,12,0.002977423
0,12,13,0.007847985
0,13,14,0.006559172
0,14,15,0.004346843
0,15,16,0.004925903
0,16,17,0.007540151
0,17,18,0.005628512
0,18,19,0.003848401
0,19,20,0.007388679
0,20,21,0.003202959
0,21,22,0.006973636
0,22,23,0.003604743
0,23,24,0.007337625
0,24,25,0.007811976
0,25,26,0.010349242
0,26,27,0.00997212
0,27,28,0.004037364
0,28,29,0.01046631
0,29,30,0.009746343
0,30,31,0.008834677
0,31,32,0.004766524
0,32,33,0.006049484
0,33,34,0.002472632
0,34,35,0.008780333
0,35,36,0.003319052
0,36,37,0.010800405
0,37,38,0.003275323
0,38,39,0.009284174
0,39,40,0.010412672
0,40,41,0.008745707
0,41,42,0.00691774
0,42,43,0.002012447
0,43,44,0.005611803
0,44,45,0.006631653
0,45,46,0.004023718
0,46,47,0.007392187
0,47,48,0.002314309
0,48,49,0.006868596
0,49,50,0.005599514
0,50,51,0.006342549
0,51,52,0.008109871
0,52,53,0.008893383
0,53,54,0.010840007
0,54,55,0.004892795
0,55,56,0.010842077
0,56,57,0.006928143
0,57,58,0.188875037
0,58,59,0.188875037
0,59,60,0.309253485
0,60,61,0.344475055
0,61,62,0.505741075
0,62,63,0.340575175
0,63,64,0.259038806
0,64,65,0.283884532
0,65,66,0.330702235
0,66,67,0.794844254
0,67,68,0.398485447
0,68,69,0.358912986
0,69,70,0.681722347
0,70,71,1.496796833
0,71,72,0.605151875
0,72,73,0.896870022
0,73,74,0.858077455
0,74,75,0.70610795
0,75,76,0.817417662
0,76,77,0.2587179
0,77,78,0.456588985
0,78,79,0.386748867
0,79,80,0.354750661
0,80,81,0.690852042
0,81,82,0.429282117
0,82,83,0.355938328
0,83,84,0.355938328
0,84,85,1.321447993
0,85,86,0.220574721
0,86,87,0.0109594
0,87,88,0.00397368
0,88,89,0.006445238
0,89,90,0.009923572
0,90,91,0.004463554
0,91,92,0.005740191
0,92,93,0.0090539
0,93,94,0.00905802
0,94,95,0.005010142
0,95,96,0.001402507
0,96,97,0.007515348
0,97,98,0.003596578
0,98,99,0.006427348
0,99,100,0.007968493
0,100,101,0.003157993
0,101,102,0.010489222
0,102,103,0.002876406
0,103,104,0.009815153
0,104,105,0.002280263
0,105,106,0.005081549
0,106,107,0.001810437
0,107,108,0.001550426
0,108,109,0.002311657
0,109,110,0.003384615
0,110,111,0.009718132
0,111,112,0.004211213
1,0,1,0.007918957
1,1,2,0.00892396
1,2,3,0.010055791
1,3,4,0.007932186
1,4,5,0.010091658
1,5,6,0.003252037
1,6,7,0.004267962
1,7,8,0.006686729
1,8,9,0.008875335
1,9,10,0.00624244
1,10,11,0.00590463
1,11,12,0.001082802
1,12,13,0.008059116
1,13,14,0.004018748
1,14,15,0.006304895
1,15,16,0.009127647
1,16,17,0.006089068
1,17,18,0.009877752
1,18,19,0.004722439
1,19,20,0.005987644
1,20,21,0.006252351
1,21,22,0.006382167
1,22,23,0.005441519
1,23,24,0.008048565
1,24,25,0.009978355
1,25,26,0.005187817
1,26,27,0.009039466
1,27,28,0.006621249
1,28,29,0.007829126
1,29,30,0.009788309
1,30,31,0.009608593
1,31,32,0.010061288
1,32,33,0.007538362
1,33,34,0.008973336
1,34,35,0.00183162
1,35,36,0.009784571
1,36,37,0.005635496
1,37,38,0.010312737
1,38,39,0.007768085
1,39,40,0.002070524
1,40,41,0.010727412
1,41,42,0.006611851
1,42,43,0.005812748
1,43,44,0.005752948
1,44,45,0.002310401
1,45,46,0.010752766
1,46,47,0.008564725
1,47,48,0.004044264
1,48,49,0.010880694
1,49,50,0.006075568
1,50,51,0.010571941
1,51,52,0.010711418
1,52,53,0.00841505
1,53,54,0.003961417
1,54,55,0.345222621
1,55,56,0.367886435
1,56,57,1.099681024
1,57,58,0.899592505
1,58,59,1.207072927
1,59,60,1.026295075
1,60,61,1.026295075
1,61,62,0.506311129
1,62,63,0.286343511
1,63,64,0.883128493
1,64,65,0.570272421
1,65,66,1.121801763
1,66,67,0.88182362
1,67,68,1.25869899
1,68,69,1.900908329
1,69,70,1.848657056
1,70,71,1.242489776
1,71,72,1.685218603
1,72,73,0.630749837
1,73,74,0.306580781
1,74,75,0.467742593
1,75,76,0.216157775
1,76,77,0.308798197
1,77,78,0.415764265
1,78,79,0.932410673
1,79,80,0.835276885
1,80,81,0.988761134
1,81,82,1.058737466
1,82,83,2.102661409
1,83,84,1.247294727
1,84,85,0.149344143
1,85,86,0.003334569
1,86,87,0.00495903
1,87,88,0.005121399
1,88,89,0.003825198
1,89,90,0.008348447
1,90,91,0.004009339
1,91,92,0.008613823
1,92,93,0.007106365
1,93,94,0.007106365
1,94,95,0.010826522
1,95,96,0.008114066
1,96,97,0.004263855
1,97,98,0.010100995
1,98,99,0.004305731
1,99,100,0.008277398
1,100,101,0.009728073
1,101,102,0.003803838
1,102,103,0.007957268
1,103,104,0.008988509
1,104,105,0.004490187
1,105,106,0.00596304
1,106,107,0.00503381
1,107,108,0.004249503
1,108,109,0.005031135
10,0,1,0.003341244
10,1,2,0.004455744
10,2,3,0.008014724
10,3,4,0.008964288
10,4,5,0.003682299
10,5,6,0.00355371
10,6,7,0.009749014
10,7,8,0.007400007
10,8,9,0.003669931
10,9,10,0.007604122
10,10,11,0.009792398
10,11,12,0.002667943
10,12,13,0.00784872
10,13,14,0.008254545
10,14,15,0.00335048
10,15,16,0.003880215
10,16,17,0.006587293
10,17,18,0.004291976
10,18,19,0.001238196
10,19,20,0.007245336
10,20,21,0.009061771
10,21,22,0.00133619
10,22,23,0.007264101
10,23,24,0.0068732
10,24,25,0.007944152
10,25,26,0.001662659
10,26,27,0.001312316
10,27,28,0.002000047
10,28,29,0.001523163
10,29,30,0.007697212
10,30,31,0.001797922
10,31,32,0.00444002
10,32,33,0.009426583
10,33,34,0.001862832
10,34,35,0.006320028
10,35,36,0.006980401
10,36,37,0.006980401
10,37,38,0.002921562
10,38,39,0.003053488
10,39,40,0.009561769
10,40,41,0.007380997
10,41,42,0.004696182
10,42,43,0.004672342
10,43,44,0.007054287
10,44,45,0.01030034
10,45,46,0.007665496
10,46,47,0.002105754
10,47,48,0.00604742
10,48,49,0.006396377
10,49,50,0.001338811
10,50,51,0.002000078
10,51,52,0.006064529
10,52,53,0.010653053
10,53,54,0.007552862
10,54,55,0.001211773
10,55,56,0.008112709
10,56,57,0.004833506
10,57,58,0.003656634
10,58,59,0.005538704
10,59,60,0.130156529
10,60,61,0.288094508
10,61,62,0.344437716
10,62,63,0.623420387
10,63,64,0.271808257
10,64,65,0.32880622
10,65,66,0.259469686
10,66,67,0.112699218
10,67,68,0.115867023
10,68,69,0.055431359
10,69,70,0.164948694
10,70,71,0.625396475
10,71,72,0.270971616
10,72,73,0.655070661
10,73,74,0.828832396
10,74,75,0.927916036
10,75,76,1.011322221
10,76,77,1.646479595
10,77,78,0.753301728
10,78,79,0.003250113
10,79,80,0.008079449
10,80,81,0.006918217
10,81,82,0.009627965
10,82,83,0.006881023
10,83,84,0.009099806
10,84,85,0.004728098
10,85,86,0.008677932
10,86,87,0.009451881
10,87,88,0.008991777
10,88,89,0.007321613
10,89,90,0.010012214
10,90,91,0.007439785
10,91,92,0.008061184
10,92,93,0.003338265
10,93,94,0.001181031
10,94,95,0.010018863
10,95,96,0.008909307
10,96,97,0.006784546
10,97,98,0.003616201
10,98,99,0.006394372
10,99,100,0.003617582
10,100,101,0.008297789
10,101,102,0.009598807
10,102,103,0.009327135
10,103,104,0.00244142
10,104,105,0.004436414
10,105,106,0.008420218
10,106,107,0.003345354
10,107,108,0.007321048
10,108,109,0.008772306
10,109,110,0.004365179
10,110,111,0.009805366
10,111,112,0.006025269
10,112,113,0.010522324
11,0,1,0.006063353
11,1,2,0.005251579
11,2,3,0.008412886
11,3,4,0.003688122
11,4,5,0.009541738
11,5,6,0.010420433
11,6,7,0.008586345
11,7,8,0.0068472
11,8,9,0.005932981
11,9,10,0.007535499
11,10,11,0.004415426
11,11,12,0.009009449
11,12,13,0.002692116
11,13,14,0.005486329
11,14,15,0.006738994
11,15,16,0.004317565
11,16,17,0.001668346
11,17,18,0.006826635
11,18,19,0.007932411
11,19,20,0.003618413
11,20,21,0.002722419
11,21,22,0.009475428
11,22,23,0.004560048
11,23,24,0.009540867
11,24,25,0.004599122
11,25,26,0.007113468
11,26,27,0.008632551
11,27,28,0.003996762
11,28,29,0.006060877
11,29,30,0.002598577
11,30,31,0.007171392
11,31,32,0.005027659
11,32,33,0.003362477
11,33,34,0.006273443
11,34,35,0.001960414
11,35,36,0.003808037
11,36,37,0.008508062
11,37,38,0.010514059
11,38,39,0.005582235
11,39,40,0.00370947
11,40,41,0.008529406
11,41,42,0.007665515
11,42,43,0.004920143
11,43,44,0.003393058
11,44,45,0.001131842
11,45,46,0.009291457
11,46,47,0.0011112
11,47,48,0.003190307
11,48,49,0.007346986
11,49,50,0.004843659
11,50,51,0.007966036
11,51,52,0.006175444
11,52,53,0.003478409
11,53,54,0.006204417
11,54,55,0.00113639
11,55,56,0.010442276
11,56,57,0.004597658
11,57,58,0.002820468
11,58,59,0.505474962
11,59,60,1.243268725
11,60,61,1.243268725
11,61,62,0.969117321
11,62,63,1.005834374
11,63,64,0.824640917
11,64,65,0.955132345
11,65,66,1.206157516
11,66,67,1.20638257
11,67,68,2.044620566
11,68,69,1.434016861
11,69,70,1.384566453
11,70,71,0.864359637
11,71,72,0.393959991
11,72,73,0.275029394
11,73,74,0.160310583
11,74,75,0.168095737
11,75,76,0.135634705
11,76,77,0.093174137
11,77,78,0.196638394
11,78,79,0.729651001
11,79,80,0.518258296
11,80,81,0.218528274
11,81,82,0.006444942
11,82,83,0.005938968
11,83,84,0.005938968
11,84,85,0.004002761
11,85,86,0.010541014
11,86,87,0.001149863
11,87,88,0.007555434
11,88,89,0.003289531
11,89,90,0.003516694
11,90,91,0.008574075
11,91,92,0.005331186
11,92,93,0.00803141
11,93,94,0.005028886
11,94,95,0.006771437
11,95,96,0.001241204
11,96,97,0.003420636
11,97,98,0.005725138
11,98,99,0.00854791
11,99,100,0.009074437
11,100,101,0.00585072
11,101,102,0.007418976
11,102,103,0.009947415
11,103,104,0.006107873
11,104,105,0.006107873
11,105,106,0.008818531
11,106,107,0.009461189
11,107,108,0.009105694
11,108,109,0.002362574
11,109,110,0.001365858
11,110,111,0.00136218
11,111,112,0.009049259
11,112,113,0.002677341
11,113,114,0.009715535
11,114,115,0.006850741
11,115,116,0.010590505
11,116,117,0.010590505
11,117,118,0.002402506
11,118,119,0.009261888
11,119,120,0.006848355
11,120,121,0.009504288
11,121,122,0.004069384
11,122,123,0.003380608
11,123,124,0.007683975
12,0,1,0.00820098
12,1,2,0.004702494
12,2,3,0.004045072
12,3,4,0.010239237
12,4,5,0.004998546
12,5,6,0.009822157
12,6,7,0.005167494
12,7,8,0.006836728
12,8,9,0.00932031
12,9,10,0.008284602
12,10,11,0.001899178
12,11,12,0.004162173
12,12,13,0.003303553
12,13,14,0.003303553
12,14,15,0.009210241
12,15,16,0.00431897
12,16,17,0.007726772
12,17,18,0.003961581
12,18,19,0.001019278
12,19,20,0.002122862
12,20,21,0.008641546
12,21,22,0.005209075
12,22,23,0.009968763
12,23,24,0.0099996
12,24,25,0.008553309
12,25,26,0.001379856
12,26,27,0.001806319
12,27,28,0.008337665
12,28,29,0.005615301
12,29,30,0.003107583
12,30,31,0.009686357
12,31,32,0.010766216
12,32,33,0.00768864
12,33,34,0.007232863
12,34,35,0.008305625
12,35,36,0.001613889
12,36,37,0.010800903
12,37,38,0.00928499
12,38,39,0.01073972
12,39,40,0.008284694
12,40,41,0.009887721
12,41,42,0.006219572
12,42,43,0.009823847
12,43,44,0.00521862
12,44,45,0.007852889
12,45,46,0.009775869
12,46,47,0.010750755
12,47,48,0.010033829
12,48,49,0.001331418
12,49,50,0.008555443
12,50,51,0.00339437
12,51,52,0.008706678
12,52,53,0.008706678
12,53,54,0.002823703
12,54,55,0.007371331
12,55,56,0.010904058
12,56,57,0.295047874
12,57,58,0.756652946
12,58,59,0.995848088
12,59,60,1.584277203
12,60,61,0.867245077
12,61,62,1.64028817
12,62,63,0.408599275
12,63,64,1.773213682
12,64,65,1.627469216
12,65,66,0.938674961
12,66,67,1.801859955
12,67,68,0.893341323
12,68,69,1.311401851
12,69,70,2.432601352
12,70,71,2.082629942
12,71,72,0.661033691
12,72,73,0.189555983
12,73,74,0.001367353
12,74,75,0.002584822
12,75,76,0.003224205
12,76,77,0.008934814
12,77,78,0.004256329
12,78,79,0.010260133
12,79,80,0.007508646
12,80,81,0.002758014
12,81,82,0.005332462
12,82,83,0.008689687
12,83,84,0.005908101
12,84,85,0.010406496
12,85,86,0.00777999
12,86,87,0.004332558
12,87,88,0.002100256
12,88,89,0.010848815
12,89,90,0.005290669
12,90,91,0.009756707
12,91,92,0.006471988
12,92,93,0.007251416
12,93,94,0.008151046
12,94,95,0.004820547
12,95,96,0.007072412
12,96,97,0.007221361
12,97,98,0.008483845
12,98,99,0.009984747
12,99,100,0.009974315
12,100,101,0.009974315
12,101,102,0.002604781
12,102,103,0.001497995
12,103,104,0.008996476
12,104,105,0.010435911
12,105,106,0.008787856
12,106,107,0.001631242
12,107,108,0.001948879
12,108,109,0.008340781
12,109,110,0.002656136
12,110,111,0.006612959
12,111,112,0.010846343
12,112,113,0.006547665
12,113,114,0.006547665
13,0,1,0.005106455
13,1,2,0.005053581
13,2,3,0.00841873
13,3,4,0.001498864
13,4,5,0.010028584
13,5,6,0.008669325
13,6,7,0.007145176
13,7,8,0.009709093
13,8,9,0.008556882
13,9,10,0.002927477
13,10,11,0.002448616
13,11,12,0.010119834
13,12,13,0.007074692
13,13,14,0.00589204
13,14,15,0.009487343
13,15,16,0.003599461
13,16,17,0.004547983
13,17,18,0.007604513
13,18,19,0.007317741
13,19,20,0.00899828
13,20,21,0.005685795
13,21,22,0.008968681
13,22,23,0.008495235
13,23,24,0.002756812
13,24,25,0.010292715
13,25,26,0.004987425
13,26,27,0.008572286
13,27,28,0.006841847
13,28,29,0.001343521
13,29,30,0.003217184
13,30,31,0.00617453
13,31,32,0.00131972
13,32,33,0.002065394
13,33,34,0.009087753
13,34,35,0.004106854
13,35,36,0.001104097
13,36,37,0.002153507
13,37,38,0.009664196
13,38,39,0.003559999
13,39,40,0.008183558
13,40,41,0.001855424
13,41,42,0.001271928
13,42,43,0.002880265
13,43,44,0.010722399
13,44,45,0.009854008
13,45,46,0.008881988
13,46,47,0.001577933
13,47,48,0.009722633
13,48,49,0.514094273
13,49,50,1.351771575
13,50,51,1.83637871
13,51,52,1.139599802
13,52,53,1.139599802
13,53,54,0.828155691
13,54,55,0.781202656
13,55,56,1.281629365
13,56,57,0.608204071
13,57,58,0.692720237
13,58,59,0.813204121
13,59,60,0.728714701
13,60,61,1.129056491
13,61,62,1.968332367
13,62,63,1.306540651
13,63,64,0.581023519
13,64,65,0.120589147
13,65,66,0.008125766
13,66,67,0.008156771
13,67,68,0.002836715
13,68,69,0.009704017
13,69,70,0.008024866
13,70,71,0.006873015
13,71,72,0.007364849
13,72,73,0.002309849
13,73,74,0.006107347
13,74,75,0.003263158
13,75,76,0.010349096
13,76,77,0.010728574
13,77,78,0.005086329
13,78,79,0.003990314
13,79,80,0.008950779
13,80,81,0.008950779
13,81,82,0.00834662
13,82,83,0.009321595
13,83,84,0.005934278
13,84,85,0.00897393
13,85,86,0.001344357
13,86,87,0.007841762
13,87,88,0.009279221
13,88,89,0.006385786
13,89,90,0.005865348
13,90,91,0.006449712
13,91,92,0.009213551
13,92,93,0.00968157
13,93,94,0.009414415
13,94,95,0.003887028
13,95,96,0.002399035
13,96,97,0.006576452
13,97,98,0.001200418
14,0,1,0.005234128
14,1,2,0.00148517
14,2,3,0.003277452
14,3,4,0.002663576
14,4,5,0.005894336
14,5,6,0.003952278
14,6,7,0.007022202
14,7,8,0.004636114
14,8,9,0.003844492
14,9,10,0.002508362
14,10,11,0.001844502
14,11,12,0.001295453
14,12,13,0.00694996
14,13,14,0.006915805
14,14,15,0.004409436
14,15,16,0.009750624
14,16,17,0.006996814
14,17,18,0.009903055
14,18,19,0.008335523
14,19,20,0.001846158
14,20,21,0.001846158
14,21,22,0.001502121
14,22,23,0.005422545
14,23,24,0.010124396
14,24,25,0.008863117
14,25,26,0.009759157
14,26,27,0.001451738
14,27,28,0.005779918
14,28,29,0.005379319
14,29,30,0.00382948
14,30,31,0.002600502
14,31,32,0.006593076
14,32,33,0.009929488
14,33,34,0.004153663
14,34,35,0.010310932
14,35,36,0.008477578
14,36,37,0.006416932
14,37,38,0.010188892
14,38,39,0.010684477
14,39,40,0.00130252
14,40,41,0.446772992
14,41,42,1.338464833
14,42,43,2.33327808
14,43,44,4.580580331
14,44,45,2.843434635
14,45,46,3.864600836
14,46,47,3.636765545
14,47,48,2.331334359
14,48,49,6.181073736
14,49,50,5.206192591
14,50,51,2.736064845
14,51,52,1.08428801
14,52,53,0.007064275
14,53,54,0.006809339
14,54,55,0.007052333
14,55,56,0.003963091
14,56,57,0.001636588
14,57,58,0.002634126
14,58,59,0.002937508
14,59,60,0.010718401
14,60,61,0.003535821
14,61,62,0.001205029
14,62,63,0.010234645
14,63,64,0.003395006
14,64,65,0.00832324
14,65,66,0.006107925
14,66,67,0.005358195
14,67,68,0.007451437
14,68,69,0.00191634
14,69,70,0.007385909
14,70,71,0.006076818
14,71,72,0.003154437
14,72,73,0.005951239
14,73,74,0.005276806
14,74,75,0.010279109
14,75,76,0.002680357
14,76,77,0.001061441
14,77,78,0.005644117
14,78,79,0.002213189
14,79,80,0.009616671
14,80,81,0.007610926
14,81,82,0.007615249
14,82,83,0.006638866
14,83,84,0.004335878
14,84,85,0.005503249
14,85,86,0.003144574
14,86,87,0.005889675
14,87,88,0.005047832
14,88,89,0.006484246
14,89,90,0.003744748
14,90,91,0.009664921
14,91,92,0.01013783
14,92,93,0.002261325
14,93,94,0.001472253
14,94,95,0.007592427
14,95,96,0.008867494
14,96,97,0.00818495
14,97,98,0.007669649
14,98,99,0.003596453
15,0,1,0.010558496
15,1,2,0.010178502
15,2,3,0.00830851
15,3,4,0.001750547
15,4,5,0.0026545
15,5,6,0.003699077
15,6,7,0.003981773
15,7,8,0.00198398
15,8,9,0.002700648
15,9,10,0.003781808
15,10,11,0.008395602
15,11,12,0.006271392
15,12,13,0.001008341
15,13,14,0.010645169
15,14,15,0.00304786
15,15,16,0.001624147
15,16,17,0.005314175
15,17,18,0.003624731
15,18,19,0.009717013
15,19,20,0.007641113
15,20,21,0.005182321
15,21,22,0.0026429
15,22,23,0.010380857
15,23,24,0.006708789
15,24,25,0.0073563
15,25,26,0.005902013
15,26,27,0.007915864
15,27,28,0.004642391
15,28,29,0.004359891
15,29,30,0.009532401
15,30,31,0.002947443
15,31,32,0.008585775
15,32,33,0.005154214
15,33,34,0.00537366
15,34,35,0.256273929
15,35,36,0.533274056
15,36,37,1.145192265
15,37,38,1.391665039
15,38,39,1.904050311
15,39,40,1.196449343
15,40,41,0.785827411
15,41,42,0.6621669
15,42,43,1.484604876
15,43,44,1.242709082
15,44,45,2.245495793
15,45,46,1.272608511
15,46,47,0.908113189
15,47,48,0.001718887
15,48,49,0.002037648
15,49,50,0.001604581
15,50,51,0.004297232
15,51,52,0.003140787
15,52,53,0.009644399
15,53,54,0.002627562
15,54,55,0.004721566
15,55,56,0.004924888
15,56,57,0.003001279
15,57,58,0.002306569
15,58,59,0.009536677
15,59,60,0.010463773
15,60,61,0.003877223
15,61,62,0.003652591
15,62,63,0.006380358
15,63,64,0.005778866
15,64,65,0.001568511
15,65,66,0.003476282
15,66,67,0.003555745
15,67,68,0.003533258
15,68,69,0.005413144
15,69,70,0.010099235
15,70,71,0.004782494
15,71,72,0.009717813
15,72,73,0.007275237
15,73,74,0.009304118
15,74,75,0.007519787
15,75,76,0.00946353
15,76,77,0.004335946
16,0,1,0.007203963
16,1,2,0.003090772
16,2,3,0.01028982
16,3,4,0.010785695
16,4,5,0.003550518
16,5,6,0.008477981
16,6,7,0.007978045
16,7,8,0.008248979
16,8,9,0.002096598
16,9,10,0.003590372
16,10,11,0.007560788
16,11,12,0.002271181
16,12,13,0.001582191
16,13,14,0.010016926
16,14,15,0.002373408
16,15,16,0.006554109
16,16,17,0.004886641
16,17,18,0.006575903
16,18,19,0.007940435
16,19,20,0.004801213
16,20,21,0.003219493
16,21,22,0.00725028
16,22,23,0.006805351
16,23,24,0.00630329
16,24,25,0.01001448
16,25,26,0.002667598
16,26,27,0.010147659
16,27,28,0.006853529
16,28,29,0.005960412
16,29,30,0.007153787
16,30,31,0.183588382
16,31,32,0.362109618
16,32,33,0.362109618
16,33,34,0.270104083
16,34,35,0.14601934
16,35,36,0.164594583
16,36,37,0.220663359
16,37,38,0.329144735
16,38,39,0.561583549
16,39,40,1.287397064
16,40,41,0.761414014
16,41,42,0.924269869
16,42,43,1.941506562
16,43,44,1.578493025
16,44,45,1.297872853
16,45,46,0.448927578
16,46,47,0.003429008
16,47,48,0.00984881
16,48,49,0.002292796
16,49,50,0.009318879
16,50,51,0.008759234
16,51,52,0.002836448
16,52,53,0.00958564
16,53,54,0.001676344
16,54,55,0.00546789
16,55,56,0.005931625
16,56,57,0.003095086
16,57,58,0.003396802
16,58,59,0.005326609
16,59,60,0.007579144
16,60,61,0.001356942
16,61,62,0.007058765
16,62,63,0.006500143
16,63,64,0.008986939
16,64,65,0.002335011
16,65,66,0.009988698
16,66,67,0.008248838
16,67,68,0.009405976
16,68,69,0.010787733
16,69,70,0.009367633
16,70,71,0.010296807
16,71,72,0.009283139
16,72,73,0.003048645
16,73,74,0.001043366
16,74,75,0.008662895
16,75,76,0.008662895
17,0,1,0.008071541
17,1,2,0.006081485
17,2,3,0.009203795
17,3,4,0.001322438
17,4,5,0.006103467
17,5,6,0.002220909
17,6,7,0.002370479
17,7,8,0.004067869
17,8,9,0.002525248
17,9,10,0.001692592
17,10,11,0.001395165
17,11,12,0.005158397
17,12,13,0.010973042
17,13,14,0.002908157
17,14,15,0.005171832
17,15,16,0.001694071
17,16,17,0.003086156
17,17,18,0.001277277
17,18,19,0.005107636
17,19,20,0.008046317
17,20,21,0.007740514
17,21,22,0.002301976
17,22,23,0.002301976
17,23,24,0.010285567
17,24,25,0.005765757
17,25,26,0.002512123
17,26,27,0.003304415
17,27,28,0.009259011
17,28,29,0.010942198
17,29,30,0.155726319
17,30,31,0.327772929
17,31,32,0.344083403
17,32,33,0.175603722
17,33,34,0.234514326
17,34,35,0.234714476
17,35,36,0.236249365
17,36,37,0.314847117
17,37,38,0.279197741
17,38,39,0.49380889
17,39,40,0.306546691
17,40,41,0.532599103
17,41,42,0.453003164
17,42,43,0.232510644
17,43,44,0.009844198
17,44,45,0.007224381
17,45,46,0.008152637
17,46,47,0.009860314
17,47,48,0.009435411
17,48,49,0.001217646
17,49,50,0.002551453
17,50,51,0.007385131
17,51,52,0.008003661
17,52,53,0.006772714
17,53,54,0.010694821
17,54,55,0.003697289
17,55,56,0.007512013
17,56,57,0.010400111
17,57,58,0.010447583
17,58,59,0.008141388
17,59,60,0.004182607
17,60,61,0.001612088
17,61,62,0.002796021
17,62,63,0.005615699
17,63,64,0.006273473
17,64,65,0.010421518
17,65,66,0.001245587
17,66,67,0.004441811
18,0,1,0.004391935
18,1,2,0.00616669
18,2,3,0.010201724
18,3,4,0.004553436
18,4,5,0.010734366
18,5,6,0.010734366
18,6,7,0.002647355
18,7,8,0.008492263
18,8,9,0.001730387
18,9,10,0.004259
18,10,11,0.008102378
18,11,12,0.001089538
18,12,13,0.005894896
18,13,14,0.010285726
18,14,15,0.003926925
18,15,16,0.004503217
18,16,17,0.006927245
18,17,18,0.0056699
18,18,19,0.010023375
18,19,20,0.004756749
18,20,21,0.005379275
18,21,22,0.001470001
18,22,23,0.004778254
18,23,24,0.002310374
18,24,25,0.00864519
18,25,26,0.006866297
18,26,27,0.00568574
18,27,28,0.001987408
18,28,29,0.00468323
18,29,30,0.001859055
18,30,31,0.01004624
18,31,32,0.005980788
18,32,33,0.00354993
18,33,34,0.009514716
18,34,35,0.002831927
18,35,36,0.008793321
18,36,37,0.001859528
18,37,38,0.006679883
18,38,39,0.001550828
18,39,40,0.010220878
18,40,41,0.009698259
18,41,42,0.005210486
18,42,43,0.010661713
18,43,44,0.007645849
18,44,45,0.00273419
18,45,46,0.005700113
18,46,47,0.008218295
18,47,48,0.003729574
18,48,49,0.003917762
18,49,50,0.219507594
18,50,51,0.403888322
18,51,52,1.204233687
18,52,53,0.534328126
18,53,54,1.84506816
18,54,55,1.515539195
18,55,56,1.397517097
18,56,57,0.628051054
18,57,58,0.911120479
18,58,59,0.965449905
18,59,60,2.53974822
18,60,61,2.593307972
18,61,62,0.919664875
18,62,63,1.122669677
18,63,64,0.008707833
18,64,65,0.003767686
18,65,66,0.003767686
18,66,67,0.010375309
18,67,68,0.002842266
18,68,69,0.010065179
18,69,70,0.009379221
18,70,71,0.005250311
18,71,72,0.010969314
18,72,73,0.006765823
18,73,74,0.008680582
18,74,75,0.003631449
18,75,76,0.005746258
18,76,77,0.007220479
18,77,78,0.010739553
18,78,79,0.008442493
18,79,80,0.003882095
18,80,81,0.005660337
18,81,82,0.010123191
18,82,83,0.004479542
18,83,84,0.010614934
18,84,85,0.008376192
18,85,86,0.002692104
18,86,87,0.005792409
18,87,88,0.007975607
18,88,89,0.005009382
18,89,90,0.008558908
18,90,91,0.007579478
18,91,92,0.010313275
18,92,93,0.005899026
18,93,94,0.004287109
18,94,95,0.005028233
18,95,96,0.005028233
18,96,97,0.001107064
18,97,98,0.008641816
19,0,1,0.009157991
19,1,2,0.006996048
19,2,3,0.006741586
19,3,4,0.0064927
19,4,5,0.00800515
19,5,6,0.010904062
19,6,7,0.005723505
19,7,8,0.00701479
19,8,9,0.00962895
19,9,10,0.009634975
19,10,11,0.005926922
19,11,12,0.00477569
19,12,13,0.003686983
19,13,14,0.00999475
19,14,15,0.002861337
19,15,16,0.009409089
19,16,17,0.006272072
19,17,18,0.002358031
19,18,19,0.006816567
19,19,20,0.008347756
19,20,21,0.010493166
19,21,22,0.008841947
19,22,23,0.004199629
19,23,24,0.009203972
19,24,25,0.009203972
19,25,26,0.00981894
19,26,27,0.007863536
19,27,28,0.010879312
19,28,29,0.001885007
19,29,30,0.004707826
19,30,31,0.007076441
19,31,32,0.01021785
19,32,33,0.005199899
19,33,34,0.001361969
19,34,35,0.002319984
19,35,36,0.010168629
19,36,37,0.006542989
19,37,38,0.005218105
19,38,39,0.003093132
19,39,40,0.004761868
19,40,41,0.004540102
19,41,42,0.005867579
19,42,43,0.006238381
19,43,44,0.004709965
19,44,45,0.001873706
19,45,46,0.00522799
19,46,47,0.006127448
19,47,48,0.001009296
19,48,49,0.010058729
19,49,50,0.003604733
19,50,51,0.008624313
19,51,52,0.015731235
19,52,53,0.502143345
19,53,54,0.410719845
19,54,55,0.191755012
19,55,56,0.225451099
19,56,57,0.345773688
19,57,58,0.164091185
19,58,59,0.151264563
19,59,60,0.151264563
19,60,61,0.402009741
19,61,62,0.336703929
19,62,63,0.313757516
19,63,64,0.003837854
19,64,65,0.001838512
19,65,66,0.00837824
19,66,67,0.010954986
19,67,68,0.00434981
19,68,69,0.009525915
19,69,70,0.002398577
19,70,71,0.008612773
19,71,72,0.003249924
19,72,73,0.001874031
19,73,74,0.009450526
19,74,75,0.005493579
19,75,76,0.005054402
19,76,77,0.003538575
19,77,78,0.010555571
19,78,79,0.009819992
19,79,80,0.003126159
19,80,81,0.003153903
19,81,82,0.00421599
19,82,83,0.006669727
19,83,84,0.006669727
19,84,85,0.006192288
19,85,86,0.002755813
19,86,87,0.001282931
19,87,88,0.006744062
19,88,89,0.00205172
19,89,90,0.010301509
19,90,91,0.004121198
2,0,1,0.008385886
2,1,2,0.006496025
2,2,3,0.002661598
2,3,4,0.007506382
2,4,5,0.007362131
2,5,6,0.008228398
2,6,7,0.009792518
2,7,8,0.007208586
2,8,9,0.00889105
2,9,10,0.002726376
2,10,11,0.006739137
2,11,12,0.00932266
2,12,13,0.002390111
2,13,14,0.00828716
2,14,15,0.00313504
2,15,16,0.004940234
2,16,17,0.004290922
2,17,18,0.00570431
2,18,19,0.009235369
2,19,20,0.009402953
2,20,21,0.006187922
2,21,22,0.005514019
2,22,23,0.008955261
2,23,24,0.010725415
2,24,25,0.009381441
2,25,26,0.009825909
2,26,27,0.008250938
2,27,28,0.010114225
2,28,29,0.004377242
2,29,30,0.005142146
2,30,31,0.008535305
2,31,32,0.002314727
2,32,33,0.010933618
2,33,34,0.006919752
2,34,35,0.009245816
2,35,36,0.005087515
2,36,37,0.005279771
2,37,38,0.007554997
2,38,39,0.007488274
2,39,40,0.006600203
2,40,41,0.004704735
2,41,42,0.00240505
2,42,43,0.006462935
2,43,44,0.006116435
2,44,45,0.009584358
2,45,46,0.008974294
2,46,47,0.002202395
2,47,48,0.004512687
2,48,49,0.003694732
2,49,50,0.006708246
2,50,51,0.009229166
2,51,52,0.005042508
2,52,53,0.005042508
2,53,54,0.005389833
2,54,55,0.007655522
2,55,56,0.580781098
2,56,57,2.080094801
2,57,58,1.422613624
2,58,59,1.321089744
2,59,60,0.550080669
2,60,61,0.479397113
2,61,62,0.888274573
2,62,63,2.457056257
2,63,64,1.561885523
2,64,65,0.581331754
2,65,66,1.026981627
2,66,67,1.310460602
2,67,68,0.699460357
2,68,69,1.961877828
2,69,70,1.056473698
2,70,71,0.921521477
2,71,72,0.589116519
2,72,73,1.365223675
2,73,74,1.294800384
2,74,75,0.434769867
2,75,76,0.370261735
2,76,77,0.12784642
2,77,78,0.003413924
2,78,79,0.001604217
2,79,80,0.009203499
2,80,81,0.009211579
2,81,82,0.009436131
2,82,83,0.007274846
2,83,84,0.00106036
2,84,85,0.002378238
2,85,86,0.007995173
2,86,87,0.003161024
2,87,88,0.00618635
2,88,89,0.001040073
2,89,90,0.001040073
2,90,91,0.008873751
2,91,92,0.006712872
2,92,93,0.004969621
2,93,94,0.00659795
2,94,95,0.010313003
2,95,96,0.002548234
2,96,97,0.004285439
2,97,98,0.003912632
20,0,1,0.006031481
20,1,2,0.004440687
20,2,3,0.003654196
20,3,4,0.006345436
20,4,5,0.00915144
20,5,6,0.006523883
20,6,7,0.002115011
20,7,8,0.004158661
20,8,9,0.007095548
20,9,10,0.010177208
20,10,11,0.002045896
20,11,12,0.001546517
20,12,13,0.004596751
20,13,14,0.005588855
20,14,15,0.00774197
20,15,16,0.006591323
20,16,17,0.00333888
20,17,18,0.002912782
20,18,19,0.006576468
20,19,20,0.008655921
20,20,21,0.007159649
20,21,22,0.002404618
20,22,23,0.006845057
20,23,24,0.010021122
20,24,25,0.008140747
20,25,26,0.00644792
20,26,27,0.00644792
20,27,28,0.006471564
20,28,29,0.004218526
20,29,30,0.001693261
20,30,31,0.0097401
20,31,32,0.002773826
20,32,33,0.002910881
20,33,34,0.003942062
20,34,35,0.001589062
20,35,36,0.003711328
20,36,37,0.008458625
20,37,38,0.010854032
20,38,39,0.010523921
20,39,40,0.00829365
20,40,41,0.001016877
20,41,42,0.010653974
20,42,43,0.005483373
20,43,44,0.008107295
20,44,45,0.010078314
20,45,46,0.009496032
20,46,47,0.010299247
20,47,48,0.11263873
20,48,49,0.246179558
20,49,50,0.187436754
20,50,51,0.160170789
20,51,52,0.166108631
20,52,53,0.167361807
20,53,54,0.213277659
20,54,55,0.307696614
20,55,56,0.341369435
20,56,57,0.184009978
20,57,58,0.184009978
20,58,59,0.063085492
20,59,60,0.010755158
20,60,61,0.005256909
20,61,62,0.004126005
20,62,63,0.002943746
20,63,64,0.001825731
20,64,65,0.008625357
20,65,66,0.001086018
20,66,67,0.008103321
20,67,68,0.010054875
20,68,69,0.007039626
20,69,70,0.007806417
20,70,71,0.004066684
20,71,72,0.010825875
20,72,73,0.001095181
20,73,74,0.005074367
20,74,75,0.002891749
20,75,76,0.005567146
20,76,77,0.005467344
20,77,78,0.00312311
20,78,79,0.010062431
20,79,80,0.010828074
20,80,81,0.003248534
20,81,82,0.003248534
20,82,83,0.006020865
20,83,84,0.00834817
20,84,85,0.005528608
20,85,86,0.002932385
20,86,87,0.005901004
21,0,1,0.010005224
21,1,2,0.005742433
21,2,3,0.002123552
21,3,4,0.00963135
21,4,5,0.009008267
21,5,6,0.005964533
21,6,7,0.004416327
21,7,8,0.001760232
21,8,9,0.009440225
21,9,10,0.003766977
21,10,11,0.010230216
21,11,12,0.004521918
21,12,13,0.005704594
21,13,14,0.00228233
21,14,15,0.005037288
21,15,16,0.009663986
21,16,17,0.003836058
21,17,18,0.010780694
21,18,19,0.006399649
21,19,20,0.008666084
21,20,21,0.005659281
21,21,22,0.003795175
21,22,23,0.007276449
21,23,24,0.009709347
21,24,25,0.010760147
21,25,26,0.007658396
21,26,27,0.005094814
21,27,28,0.006718776
21,28,29,0.001024828
21,29,30,0.007012216
21,30,31,0.009717212
21,31,32,0.009566954
21,32,33,0.006899899
21,33,34,0.006828743
21,34,35,0.00443676
21,35,36,0.009449432
21,36,37,0.005482772
21,37,38,0.005669975
21,38,39,0.009392415
21,39,40,0.005291646
21,40,41,0.010842657
21,41,42,0.007958087
21,42,43,0.166563513
21,43,44,0.385434535
21,44,45,0.385434535
21,45,46,0.796531199
21,46,47,0.479998726
21,47,48,0.221803572
21,48,49,0.381681656
21,49,50,0.325303398
21,50,51,0.245123111
21,51,52,0.116110681
21,52,53,0.153801126
21,53,54,0.071405807
21,54,55,0.003692983
21,55,56,0.003299464
21,56,57,0.003158114
21,57,58,0.007889337
21,58,59,0.005524708
21,59,60,0.005793128
21,60,61,0.009064516
21,61,62,0.004610464
21,62,63,0.00454341
21,63,64,0.008701198
21,64,65,0.004927469
21,65,66,0.003477986
21,66,67,0.010060395
21,67,68,0.001741208
21,68,69,0.002569439
21,69,70,0.004286653
21,70,71,0.009637216
21,71,72,0.009141627
21,72,73,0.005315086
21,73,74,0.007194455
21,74,75,0.002775984
21,75,76,0.004414367
21,76,77,0.002784244
21,77,78,0.005806868
21,78,79,0.008011168
21,79,80,0.001603525
21,80,81,0.00621367
21,81,82,0.009232984
21,82,83,0.010674659
21,83,84,0.005434663
21,84,85,0.010681351
21,85,86,0.008284079
21,86,87,0.008284079
21,87,88,0.005945873
21,88,89,0.005019336
21,89,90,0.005546119
21,90,91,0.008685054
21,91,92,0.010618131
21,92,93,0.005165842
21,93,94,0.008288256
21,94,95,0.003495829
21,95,96,0.005430581
21,96,97,0.004991035
21,97,98,0.001101523
21,98,99,0.010328104
22,0,1,0.005922838
22,1,2,0.010266147
22,2,3,0.005803861
22,3,4,0.006907627
22,4,5,0.004084478
22,5,6,0.004084478
22,6,7,0.005945639
22,7,8,0.004119243
22,8,9,0.001502884
22,9,10,0.010844348
22,10,11,0.007399575
22,11,12,0.007349708
22,12,13,0.008279701
22,13,14,0.001370316
22,14,15,0.007787126
22,15,16,0.00265579
22,16,17,0.002885343
22,17,18,0.005596618
22,18,19,0.004572273
22,19,20,0.003783196
22,20,21,0.006862604
22,21,22,0.008705978
22,22,23,0.008412201
22,23,24,0.010583955
22,24,25,0.003012165
22,25,26,0.009454431
22,26,27,0.00973687
22,27,28,0.002140413
22,28,29,0.004201693
22,29,30,0.004079613
22,30,31,0.001337875
22,31,32,0.005160947
22,32,33,0.006817554
22,33,34,0.00512409
22,34,35,0.009259953
22,35,36,0.01034271
22,36,37,0.001936488
22,37,38,0.010809195
22,38,39,0.009348698
22,39,40,0.002442253
22,40,41,0.007025233
22,41,42,0.002845688
22,42,43,0.164706582
22,43,44,0.351502414
22,44,45,0.578619214
22,45,46,0.237308665
22,46,47,0.170484005
22,47,48,0.190928322
22,48,49,0.138257513
22,49,50,0.289110677
22,50,51,0.289110677
22,51,52,0.380096618
22,52,53,0.313452295
22,53,54,0.740266775
22,54,55,0.007520788
22,55,56,0.003091378
22,56,57,0.004821542
22,57,58,0.005339134
22,58,59,0.00967055
22,59,60,0.001298676
22,60,61,0.01029373
22,61,62,0.00844394
22,62,63,0.006205656
22,63,64,0.006240565
22,64,65,0.00799768
22,65,66,0.004889833
22,66,67,0.004439754
22,67,68,0.003147253
22,68,69,0.007477498
22,69,70,0.002251087
22,70,71,0.00923147
22,71,72,0.009230489
22,72,73,0.007261973
22,73,74,0.007799799
22,74,75,0.008288756
22,75,76,0.006192858
22,76,77,0.002501297
22,77,78,0.001011846
22,78,79,0.003116015
22,79,80,0.006139116
22,80,81,0.008538944
22,81,82,0.007192205
22,82,83,0.001492999
22,83,84,0.007514901
22,84,85,0.010082162
22,85,86,0.003718969
22,86,87,0.009490267
22,87,88,0.009245153
22,88,89,0.009224065
22,89,90,0.003698425
22,90,91,0.003698425
22,91,92,0.007392177
22,92,93,0.006475393
22,93,94,0.003720034
22,94,95,0.001185945
22,95,96,0.00278292
22,96,97,0.0035755
23,0,1,0.003415703
23,1,2,0.01023066
23,2,3,0.001917543
23,3,4,0.010056545
23,4,5,0.00467909
23,5,6,0.004975055
23,6,7,0.007759143
23,7,8,0.010206445
23,8,9,0.003941448
23,9,10,0.002787004
23,10,11,0.002501092
23,11,12,0.005995455
23,12,13,0.00892715
23,13,14,0.006691782
23,14,15,0.008712302
23,15,16,0.006628473
23,16,17,0.00749457
23,17,18,0.003602929
23,18,19,0.005842905
23,19,20,0.00360487
23,20,21,0.002400273
23,21,22,0.001428106
23,22,23,0.009123551
23,23,24,0.008275095
23,24,25,0.010786635
23,25,26,0.010060176
23,26,27,0.002095971
23,27,28,0.004874068
23,28,29,0.007114185
23,29,30,0.007859009
23,30,31,0.007200556
23,31,32,0.006509104
23,32,33,0.007053817
23,33,34,0.002552911
23,34,35,0.006697849
23,35,36,0.004494242
23,36,37,0.002688529
23,37,38,0.008305701
23,38,39,0.010870533
23,39,40,0.001651305
23,40,41,0.010675751
23,41,42,0.008520453
23,42,43,0.094005471
23,43,44,0.242549523
23,44,45,0.221262301
23,45,46,0.304492598
23,46,47,0.237801021
23,47,48,0.309409388
23,48,49,0.387478758
23,49,50,0.531249006
23,50,51,0.386543411
23,51,52,1.119209755
23,52,53,0.65105527
23,53,54,1.930836715
23,54,55,3.148699467
23,55,56,2.143675801
23,56,57,0.007413576
23,57,58,0.002426472
23,58,59,0.00617971
23,59,60,0.00827445
23,60,61,0.003838934
23,61,62,0.004986096
23,62,63,0.009383282
23,63,64,0.003214094
23,64,65,0.007968854
23,65,66,0.00313776
23,66,67,0.008471229
23,67,68,0.010743396
23,68,69,0.004254202
23,69,70,0.002920224
23,70,71,0.001951979
23,71,72,0.001951979
23,72,73,0.004335404
23,73,74,0.008797561
23,74,75,0.00433055
23,75,76,0.004525363
23,76,77,0.007813503
23,77,78,0.008249914
23,78,79,0.001843564
23,79,80,0.005348755
23,80,81,0.00709839
23,81,82,0.006449587
23,82,83,0.007815972
23,83,84,0.006650673
24,0,1,0.003701551
24,1,2,0.003701551
24,2,3,0.010884174
24,3,4,0.001544421
24,4,5,0.010026425
24,5,6,0.006232602
24,6,7,0.00844066
24,7,8,0.010215877
24,8,9,0.001211599
24,9,10,0.002602937
24,10,11,0.009154988
24,11,12,0.010666461
24,12,13,0.003740869
24,13,14,0.002615089
24,14,15,0.009962543
24,15,16,0.003690792
24,16,17,0.009009384
24,17,18,0.008818484
24,18,19,0.006277786
24,19,20,0.001712811
24,20,21,0.004873735
24,21,22,0.001995226
24,22,23,0.002039731
24,23,24,0.009872075
24,24,25,0.001737907
24,25,26,0.005921014
24,26,27,0.00847424
24,27,28,0.010127754
24,28,29,0.009385783
24,29,30,0.006102769
24,30,31,0.001110608
24,31,32,0.006164434
24,32,33,0.009774584
24,33,34,0.002363642
24,34,35,0.002740868
24,35,36,0.006264148
24,36,37,0.005127895
24,37,38,0.010814208
24,38,39,0.002678526
24,39,40,0.008508342
24,40,41,0.005175374
24,41,42,0.008495526
24,42,43,0.008622827
24,43,44,0.165799019
24,44,45,1.264620488
24,45,46,1.67825528
24,46,47,0.764515285
24,47,48,0.484492828
24,48,49,0.621359394
24,49,50,1.272168214
24,50,51,2.035115248
24,51,52,1.825641314
24,52,53,1.851582335
24,53,54,1.927030063
24,54,55,4.578210494
24,55,56,4.246221378
24,56,57,1.083729905
24,57,58,0.657774099
24,58,59,0.002514241
24,59,60,0.009068835
24,60,61,0.005213535
24,61,62,0.006966187
24,62,63,0.009079446
24,63,64,0.010804991
24,64,65,0.004998389
24,65,66,0.002325305
24,66,67,0.003993215
24,67,68,0.00961783
24,68,69,0.005001962
24,69,70,0.003008239
24,70,71,0.003040481
24,71,72,0.009860762
24,72,73,0.009897737
24,73,74,0.001899126
24,74,75,0.004287903
24,75,76,0.001511354
24,76,77,0.004349933
24,77,78,0.006543239
24,78,79,0.007913974
24,79,80,0.005104615
24,80,81,0.004926108
24,81,82,0.002793031
24,82,83,0.005032345
24,83,84,0.005032345
24,84,85,0.001892751
24,85,86,0.005419667
24,86,87,0.00421954
24,87,88,0.008902919
24,88,89,0.003078975
24,89,90,0.005552417
25,0,1,0.009868432
25,1,2,0.006831733
25,2,3,0.003873822
25,3,4,0.007172433
25,4,5,0.004817514
25,5,6,0.005526158
25,6,7,0.005526158
25,7,8,0.008267392
25,8,9,0.010801839
25,9,10,0.009031287
25,10,11,0.004604096
25,11,12,0.005916151
25,12,13,0.007255655
25,13,14,0.007870676
25,14,15,0.007286007
25,15,16,0.001899439
25,16,17,0.002200417
25,17,18,0.003792418
25,18,19,0.007367734
25,19,20,0.008707854
25,20,21,0.00128832
25,21,22,0.005196381
25,22,23,0.008517949
25,23,24,0.002044608
25,24,25,0.0010036
25,25,26,0.006911925
25,26,27,0.009472216
25,27,28,0.004113763
25,28,29,0.001010626
25,29,30,0.00683646
25,30,31,0.001542571
25,31,32,0.008011644
25,32,33,0.00930466
25,33,34,0.007579938
25,34,35,0.003362453
25,35,36,0.001604066
25,36,37,0.006270633
25,37,38,0.004331253
25,38,39,0.010396066
25,39,40,0.001293757
25,40,41,0.003899859
25,41,42,0.221254266
25,42,43,0.852180013
25,43,44,0.825750788
25,44,45,1.053454928
25,45,46,1.191078156
25,46,47,2.005908509
25,47,48,2.669025141
25,48,49,1.778028453
25,49,50,3.339204483
25,50,51,3.617181025
25,51,52,8.795245576
25,52,53,2.859401394
25,53,54,1.147066309
25,54,55,0.002221075
25,55,56,0.002645143
25,56,57,0.005317016
25,57,58,0.001007497
25,58,59,0.006661923
25,59,60,0.009848651
25,60,61,0.009616136
25,61,62,0.008274653
25,62,63,0.008573499
25,63,64,0.002234269
25,64,65,0.009494247
25,65,66,0.007741978
25,66,67,0.010469017
25,67,68,0.01055393
25,68,69,0.008465688
25,69,70,0.003543816
25,70,71,0.010598016
25,71,72,0.005612466
25,72,73,0.001436429
25,73,74,0.010589924
25,74,75,0.010075434
25,75,76,0.00812311
25,76,77,0.009536276
25,77,78,0.010124439
25,78,79,0.00746536
25,79,80,0.008028042
25,80,81,0.005688277
25,81,82,0.007496895
25,82,83,0.010151191
25,83,84,0.002052187
25,84,85,0.010712911
25,85,86,0.006243746
25,86,87,0.010148181
25,87,88,0.01088707
25,88,89,0.010572179
25,89,90,0.004417644
25,90,91,0.008677092
25,91,92,0.009314962
25,92,93,0.005510399
25,93,94,0.006601349
25,94,95,0.009845247
26,0,1,0.010919001
26,1,2,0.009816166
26,2,3,0.009077759
26,3,4,0.007115695
26,4,5,0.001338148
26,5,6,0.007448497
26,6,7,0.007848031
26,7,8,0.005014138
26,8,9,0.005712976
26,9,10,0.008223363
26,10,11,0.00624529
26,11,12,0.005561578
26,12,13,0.010203539
26,13,14,0.006656764
26,14,15,0.006694446
26,15,16,0.007081424
26,16,17,0.008989267
26,17,18,0.007940257
26,18,19,0.001833042
26,19,20,0.001055886
26,20,21,0.007407597
26,21,22,0.00725506
26,22,23,0.001778628
26,23,24,0.009271778
26,24,25,0.007355758
26,25,26,0.005082763
26,26,27,0.006738252
26,27,28,0.006990358
26,28,29,0.007824076
26,29,30,0.00602711
26,30,31,0.010701623
26,31,32,0.008816151
26,32,33,0.006700148
26,33,34,0.00945545
26,34,35,0.001219392
26,35,36,0.006639278
26,36,37,0.798389153
26,37,38,1.066876084
26,38,39,0.484634873
26,39,40,0.629727634
26,40,41,0.726589958
26,41,42,0.623955629
26,42,43,0.493920987
26,43,44,1.55492613
26,44,45,0.944103235
26,45,46,0.762943805
26,46,47,1.845286075
26,47,48,0.009715658
26,48,49,0.004306289
26,49,50,0.010438408
26,50,51,0.005296167
26,51,52,0.00199315
26,52,53,0.003101096
26,53,54,0.008218814
26,54,55,0.002644303
26,55,56,0.006943277
26,56,57,0.006947266
26,57,58,0.010054575
26,58,59,0.009984469
26,59,60,0.00523835
26,60,61,0.004669694
26,61,62,0.003534791
26,62,63,0.005313428
26,63,64,0.00744997
26,64,65,0.009592586
26,65,66,0.002181404
26,66,67,0.008365378
26,67,68,0.00688456
26,68,69,0.004272272
26,69,70,0.002256495
26,70,71,0.002254484
26,71,72,0.009714064
26,72,73,0.00125747
26,73,74,0.005561191
26,74,75,0.008933256
26,75,76,0.007248652
26,76,77,0.004008144
26,77,78,0.004884186
26,78,79,0.002538676
26,79,80,0.003230326
27,0,1,0.004456525
27,1,2,0.005039825
27,2,3,0.002999781
27,3,4,0.006498976
27,4,5,0.003096481
27,5,6,0.010441246
27,6,7,0.002552884
27,7,8,0.009491876
27,8,9,0.008889642
27,9,10,0.00185276
27,10,11,0.004661356
27,11,12,0.002266794
27,12,13,0.010715976
27,13,14,0.008235364
27,14,15,0.001747728
27,15,16,0.006773931
27,16,17,0.002506948
27,17,18,0.007548279
27,18,19,0.004090742
27,19,20,0.010113069
27,20,21,0.005682637
27,21,22,0.004969303
27,22,23,0.004969303
27,23,24,0.009455754
27,24,25,0.007689074
27,25,26,0.00268884
27,26,27,0.002797495
27,27,28,0.002848977
27,28,29,0.009470126
27,29,30,0.00286541
27,30,31,0.001895428
27,31,32,0.004654356
27,32,33,0.001270452
27,33,34,0.005641716
27,34,35,0.009585488
27,35,36,0.002587623
27,36,37,0.008560529
27,37,38,0.009988564
27,38,39,0.001709761
27,39,40,0.005297292
27,40,41,0.003246505
27,41,42,0.003122734
27,42,43,0.001509604
27,43,44,0.005733916
27,44,45,0.009907694
27,45,46,0.005703538
27,46,47,0.003943311
27,47,48,0.006249719
27,48,49,0.002267048
27,49,50,0.824316657
27,50,51,1.577782831
27,51,52,0.758276624
27,52,53,0.879325783
27,53,54,0.005948844
27,54,55,0.003246254
27,55,56,0.002124402
27,56,57,0.00299058
27,57,58,0.010663032
27,58,59,0.004274588
27,59,60,0.003250488
27,60,61,0.003265383
27,61,62,0.001775985
27,62,63,0.00994776
27,63,64,0.007272452
27,64,65,0.005381315
27,65,66,0.007863881
27,66,67,0.010611531
27,67,68,0.003721595
27,68,69,0.001715732
27,69,70,0.008863279
27,70,71,0.002529166
27,71,72,0.007532153
27,72,73,0.004582914
27,73,74,0.00396996
27,74,75,0.006400309
27,75,76,0.00352767
27,76,77,0.009233418
27,77,78,0.00840794
27,78,79,0.003444602
27,79,80,0.001552594
27,80,81,0.004655316
27,81,82,0.004562731
28,0,1,0.006014708
28,1,2,0.006372951
28,2,3,0.006980278
28,3,4,0.001508474
28,4,5,0.008745494
28,5,6,0.001525649
28,6,7,0.003430765
28,7,8,0.004369677
28,8,9,0.009782862
28,9,10,0.00372226
28,10,11,0.005083863
28,11,12,0.003393528
28,12,13,0.008532685
28,13,14,0.00903738
28,14,15,0.008973181
28,15,16,0.009320954
28,16,17,0.005564
28,17,18,0.001782202
28,18,19,0.008869533
28,19,20,0.001694763
28,20,21,0.00678403
28,21,22,0.00397251
28,22,23,0.00489316
28,23,24,0.010053823
28,24,25,0.007048083
28,25,26,0.006659875
28,26,27,0.005298409
28,27,28,0.010517053
28,28,29,0.001391464
28,29,30,0.003102971
28,30,31,0.006439114
28,31,32,0.009247893
28,32,33,0.003865167
28,33,34,0.009254912
28,34,35,0.010352427
28,35,36,0.006198205
28,36,37,0.001955918
28,37,38,0.005193297
28,38,39,0.004461117
28,39,40,0.007158656
28,40,41,0.006968805
28,41,42,0.008491831
28,42,43,0.006606988
28,43,44,0.008825778
28,44,45,0.004966227
28,45,46,0.006824378
28,46,47,0.004003508
28,47,48,0.010529905
28,48,49,0.00811113
28,49,50,0.892250673
28,50,51,0.385913511
28,51,52,0.646318877
28,52,53,0.515684424
28,53,54,0.254912015
28,54,55,0.009982423
28,55,56,0.005532061
28,56,57,0.005083162
28,57,58,0.001710943
28,58,59,0.004508689
28,59,60,0.010280451
28,60,61,0.001492175
28,61,62,0.001492175
28,62,63,0.010241225
28,63,64,0.004937964
28,64,65,0.007283322
28,65,66,0.007839368
28,66,67,0.00857413
28,67,68,0.001618301
28,68,69,0.006626378
28,69,70,0.010019835
28,70,71,0.00300646
28,71,72,0.00482951
28,72,73,0.010368371
28,73,74,0.003162127
28,74,75,0.003300627
29,0,1,0.00725494
29,1,2,0.010711846
29,2,3,0.006432421
29,3,4,0.001508847
29,4,5,0.00893235
29,5,6,0.006848613
29,6,7,0.005347171
29,7,8,0.00126136
29,8,9,0.007061527
29,9,10,0.010416078
29,10,11,0.009164216
29,11,12,0.001559133
29,12,13,0.003315483
29,13,14,0.004923467
29,14,15,0.010245726
29,15,16,0.010789977
29,16,17,0.002318042
29,17,18,0.007950947
29,18,19,0.008318597
29,19,20,0.004836942
29,20,21,0.009210884
29,21,22,0.002436411
29,22,23,0.004325502
29,23,24,0.00664971
29,24,25,0.010469511
29,25,26,0.009974545
29,26,27,0.008274762
29,27,28,0.002529499
29,28,29,0.010522832
29,29,30,0.008008511
29,30,31,0.006616567
29,31,32,0.00972911
29,32,33,0.009292209
29,33,34,0.008882556
29,34,35,0.003687784
29,35,36,0.006216002
29,36,37,0.00657867
29,37,38,0.00657867
29,38,39,0.008280915
29,39,40,0.007954063
29,40,41,0.425178848
29,41,42,0.929136949
29,42,43,0.342279543
29,43,44,0.792080664
29,44,45,0.080064993
29,45,46,0.010762273
29,46,47,0.006353825
29,47,48,0.00834188
29,48,49,0.003513746
29,49,50,0.005878005
29,50,51,0.008160524
29,51,52,0.006788144
29,52,53,0.0035556
29,53,54,0.004109119
29,54,55,0.007390021
29,55,56,0.001743731
29,56,57,0.00313286
29,57,58,0.010960135
29,58,59,0.007784427
29,59,60,0.002309606
29,60,61,0.006781806
29,61,62,0.008281525
29,62,63,0.00850303
3,0,1,0.009855574
3,1,2,0.010419166
3,2,3,0.007995028
3,3,4,0.010275361
3,4,5,0.003408267
3,5,6,0.001664997
3,6,7,0.007030564
3,7,8,0.010710407
3,8,9,0.006138827
3,9,10,0.010032394
3,10,11,0.006594649
3,11,12,0.005895066
3,12,13,0.00712817
3,13,14,0.004984167
3,14,15,0.003928426
3,15,16,0.006633907
3,16,17,0.003620324
3,17,18,0.00833532
3,18,19,0.006208012
3,19,20,0.006473999
3,20,21,0.006415593
3,21,22,0.004071359
3,22,23,0.004851323
3,23,24,0.001808937
3,24,25,0.003206016
3,25,26,0.010199655
3,26,27,0.009333449
3,27,28,0.004745275
3,28,29,0.004124175
3,29,30,0.009308919
3,30,31,0.006829707
3,31,32,0.003060287
3,32,33,0.00609419
3,33,34,0.002737051
3,34,35,0.004597869
3,35,36,0.001868612
3,36,37,0.003593217
3,37,38,0.00769452
3,38,39,0.004562206
3,39,40,0.002505776
3,40,41,0.007627147
3,41,42,0.001583375
3,42,43,0.002406467
3,43,44,0.001415064
3,44,45,0.007611592
3,45,46,0.00741618
3,46,47,0.002676299
3,47,48,0.005468387
3,48,49,0.008388675
3,49,50,0.007471774
3,50,51,0.001404953
3,51,52,0.002720998
3,52,53,0.236480775
3,53,54,0.826037231
3,54,55,0.803584873
3,55,56,1.132715492
3,56,57,1.057557543
3,57,58,1.372206159
3,58,59,1.824596433
3,59,60,1.875782564
3,60,61,3.088329099
3,61,62,0.791093811
3,62,63,1.831626665
3,63,64,1.302897604
3,64,65,1.243418424
3,65,66,1.021196961
3,66,67,1.071329179
3,67,68,1.759831015
3,68,69,0.440866469
3,69,70,0.422282225
3,70,71,0.475586129
3,71,72,0.315358614
3,72,73,0.006379923
3,73,74,0.008651592
3,74,75,0.01039238
3,75,76,0.001476997
3,76,77,0.008439143
3,77,78,0.002754563
3,78,79,0.00253514
3,79,80,0.008272481
3,80,81,0.00994676
3,81,82,0.010716916
3,82,83,0.010716916
3,83,84,0.008753297
3,84,85,0.003590868
3,85,86,0.004670416
3,86,87,0.006890111
3,87,88,0.004503344
3,88,89,0.005592908
30,0,1,0.00686513
30,1,2,0.007805718
30,2,3,0.001121922
30,3,4,0.006373528
30,4,5,0.00595158
30,5,6,0.010648734
30,6,7,0.008271007
30,7,8,0.006493867
30,8,9,0.00184567
30,9,10,0.008753357
30,10,11,0.006633191
30,11,12,0.008179678
30,12,13,0.008179678
30,13,14,0.007962887
30,14,15,0.010309084
30,15,16,0.006583217
30,16,17,0.003478145
30,17,18,0.008002947
30,18,19,0.00726339
30,19,20,0.005812836
30,20,21,0.004874138
30,21,22,0.006572392
30,22,23,0.002198522
30,23,24,0.010883291
30,24,25,0.00555607
30,25,26,0.010189243
30,26,27,0.00235252
30,27,28,0.010218046
30,28,29,0.147641398
30,29,30,0.269908518
30,30,31,0.306292577
30,31,32,0.464966913
30,32,33,1.157765472
30,33,34,0.824466994
30,34,35,0.276211094
30,35,36,0.005846745
30,36,37,0.009154019
30,37,38,0.008532167
30,38,39,0.004627134
30,39,40,0.006768835
30,40,41,0.009362793
30,41,42,0.009229375
30,42,43,0.005788399
30,43,44,0.008820565
30,44,45,0.004682106
30,45,46,0.004274258
30,46,47,0.008704717
30,47,48,0.007497962
30,48,49,0.002314515
30,49,50,0.003975359
30,50,51,0.010948336
30,51,52,0.007234942
30,52,53,0.002194368
30,53,54,0.002379186
30,54,55,0.005473608
30,55,56,0.001213029
30,56,57,0.004399303
30,57,58,0.009982346
31,0,1,0.004762502
31,1,2,0.009816276
31,2,3,0.003984222
31,3,4,0.007493948
31,4,5,0.00375305
31,5,6,0.010382019
31,6,7,0.010675848
31,7,8,0.004587121
31,8,9,0.004171356
31,9,10,0.009981509
31,10,11,0.008881852
31,11,12,0.002118527
31,12,13,0.010690354
31,13,14,0.008087701
31,14,15,0.008468449
31,15,16,0.002077123
31,16,17,0.003659971
31,17,18,0.005568222
31,18,19,0.005990051
31,19,20,0.010860364
31,20,21,0.007996467
31,21,22,0.002624521
31,22,23,0.005111625
31,23,24,0.005806312
31,24,25,0.001607471
31,25,26,0.002929427
31,26,27,0.090072004
31,27,28,0.099009893
31,28,29,0.291710356
31,29,30,0.226030937
31,30,31,0.085457143
31,31,32,0.004695154
31,32,33,0.005913122
31,33,34,0.00710941
31,34,35,0.003846652
31,35,36,0.003228434
31,36,37,0.007658343
31,37,38,0.005353703
31,38,39,0.004377819
31,39,40,0.002786765
31,40,41,0.008077561
31,41,42,0.006603597
31,42,43,0.010799488
31,43,44,0.008878291
31,44,45,0.004650297
31,45,46,0.001719381
31,46,47,0.006192783
31,47,48,0.006348771
31,48,49,0.006878299
31,49,50,0.0085673
31,50,51,0.008827945
31,51,52,0.010901703
32,0,1,0.001754985
32,1,2,0.007410909
32,2,3,0.007240817
32,3,4,0.004843415
32,4,5,0.004985055
32,5,6,0.010567443
32,6,7,0.007812506
32,7,8,0.003366215
32,8,9,0.001885638
32,9,10,0.008879725
32,10,11,0.001747063
32,11,12,0.01071434
32,12,13,0.004860932
32,13,14,0.008981393
32,14,15,0.0048975
32,15,16,0.007350697
32,16,17,0.008466626
32,17,18,0.005937701
32,18,19,0.010483661
32,19,20,0.005311269
32,20,21,0.005876992
32,21,22,0.002978622
32,22,23,0.008506995
32,23,24,0.007184263
32,24,25,0.002380939
32,25,26,0.004946831
32,26,27,0.006837783
32,27,28,0.006557042
32,28,29,0.009691687
32,29,30,0.188010292
32,30,31,0.347563256
32,31,32,0.313897117
32,32,33,0.141318001
32,33,34,0.198305601
32,34,35,0.258874272
32,35,36,0.002414267
32,36,37,0.002475191
32,37,38,0.007106654
32,38,39,0.007916117
32,39,40,0.010306252
32,40,41,0.006232748
32,41,42,0.002622054
32,42,43,0.009073449
32,43,44,0.006076867
32,44,45,0.002380653
32,45,46,0.006689859
32,46,47,0.002490849
32,47,48,0.007331273
32,48,49,0.004011519
32,49,50,0.008462369
32,50,51,0.002697736
32,51,52,0.005130069
32,52,53,0.003230218
32,53,54,0.008169467
32,54,55,0.005432828
33,0,1,0.009629501
33,1,2,0.003929834
33,2,3,0.002419122
33,3,4,0.006437959
33,4,5,0.008996377
33,5,6,0.009918139
33,6,7,0.003559221
33,7,8,0.001752351
33,8,9,0.007417658
33,9,10,0.005346015
33,10,11,0.001542655
33,11,12,0.009852403
33,12,13,0.004258487
33,13,14,0.003984358
33,14,15,0.008104487
33,15,16,0.006524146
33,16,17,0.008432376
33,17,18,0.009734671
33,18,19,0.006445612
33,19,20,0.00769651
33,20,21,0.005326088
33,21,22,0.006639609
33,22,23,0.008556672
33,23,24,0.002308707
33,24,25,0.006233269
33,25,26,0.007219873
33,26,27,0.008305656
33,27,28,0.008241868
33,28,29,0.005207555
33,29,30,0.009872647
33,30,31,0.107196607
33,31,32,0.632213478
33,32,33,0.234912001
33,33,34,0.674432347
33,34,35,1.176723098
33,35,36,1.672313739
33,36,37,1.235826664
33,37,38,0.682614295
33,38,39,0.005533524
33,39,40,0.00494469
33,40,41,0.002191809
33,41,42,0.007748676
33,42,43,0.006659669
33,43,44,0.004598407
33,44,45,0.003175111
33,45,46,0.002269822
33,46,47,0.005601037
33,47,48,0.010447112
33,48,49,0.004055199
33,49,50,0.006978093
33,50,51,0.010259352
33,51,52,0.004806551
33,52,53,0.002098216
33,53,54,0.001724282
33,54,55,0.005111313
33,55,56,0.001091647
33,56,57,0.005430806
33,57,58,0.002378309
33,58,59,0.007700545
33,59,60,0.004175248
33,60,61,0.0062603
33,61,62,0.001494401
33,62,63,0.007381626
33,63,64,0.008750294
33,64,65,0.004487757
33,65,66,0.005987914
34,0,1,0.009912745
34,1,2,0.009833803
34,2,3,0.007606043
34,3,4,0.005761499
34,4,5,0.00260885
34,5,6,0.005025053
34,6,7,0.008752194
34,7,8,0.004151943
34,8,9,0.006056674
34,9,10,0.003049222
34,10,11,0.002886898
34,11,12,0.004310932
34,12,13,0.006617207
34,13,14,0.010560132
34,14,15,0.007134816
34,15,16,0.003834141
34,16,17,0.00679563
34,17,18,0.00616678
34,18,19,0.006736838
34,19,20,0.002538719
34,20,21,0.003781747
34,21,22,0.010266692
34,22,23,0.005912616
34,23,24,0.008079047
34,24,25,0.003254289
34,25,26,0.006180701
34,26,27,0.004203584
34,27,28,0.089137598
34,28,29,0.530875025
34,29,30,0.561234437
34,30,31,1.578767264
34,31,32,0.756883246
34,32,33,0.756883246
34,33,34,1.662653383
34,34,35,0.496136852
34,35,36,0.412690979
34,36,37,1.025663854
34,37,38,1.680939377
34,38,39,1.361592567
34,39,40,0.356633544
34,40,41,0.004615804
34,41,42,0.009255296
34,42,43,0.006541901
34,43,44,0.010194682
34,44,45,0.001481592
34,45,46,0.008114851
34,46,47,0.007829936
34,47,48,0.003302123
34,48,49,0.007052651
34,49,50,0.002044054
34,50,51,0.001856548
34,51,52,0.002218464
34,52,53,0.001258068
34,53,54,0.010842857
34,54,55,0.002750018
34,55,56,0.003755926
34,56,57,0.00241532
34,57,58,0.007361558
34,58,59,0.00937823
34,59,60,0.005233814
34,60,61,0.01069879
34,61,62,0.006316693
35,0,1,0.002052486
35,1,2,0.003053383
35,2,3,0.005131222
35,3,4,0.003657931
35,4,5,0.004699137
35,5,6,0.009042724
35,6,7,0.010541504
35,7,8,0.00854422
35,8,9,0.006013896
35,9,10,0.004845605
35,10,11,0.010085967
35,11,12,0.004997181
35,12,13,0.001673777
35,13,14,0.003949434
35,14,15,0.005722533
35,15,16,0.004152802
35,16,17,0.003894074
35,17,18,0.005032032
35,18,19,0.003960711
35,19,20,0.00553975
35,20,21,0.010964597
35,21,22,0.003764517
35,22,23,0.007530221
35,23,24,0.001214946
35,24,25,0.00607974
35,25,26,0.141188305
35,26,27,0.257547812
35,27,28,1.118629684
35,28,29,1.740415086
35,29,30,0.695042294
35,30,31,0.939630496
35,31,32,0.798649909
35,32,33,0.010595204
35,33,34,0.004994639
35,34,35,0.003709083
35,35,36,0.004419696
35,36,37,0.007954935
35,37,38,0.010867276
35,38,39,0.008209332
35,39,40,0.001336201
35,40,41,0.005854181
35,41,42,0.005416055
35,42,43,0.010219229
35,43,44,0.010219229
35,44,45,0.001340078
35,45,46,0.004631228
35,46,47,0.004179636
35,47,48,0.006629478
35,48,49,0.009331865
35,49,50,0.010319108
35,50,51,0.002245234
35,51,52,0.008278152
35,52,53,0.008598873
35,53,54,0.00844745
36,0,1,0.005859763
36,1,2,0.00398911
36,2,3,0.010160318
36,3,4,0.009313855
36,4,5,0.006596349
36,5,6,0.008886923
36,6,7,0.003735081
36,7,8,0.003851666
36,8,9,0.005001279
36,9,10,0.004680861
36,10,11,0.003792198
36,11,12,0.006829754
36,12,13,0.005868019
36,13,14,0.010248304
36,14,15,0.007803488
36,15,16,0.005901621
36,16,17,0.008923354
36,17,18,0.005149889
36,18,19,0.002772059
36,19,20,0.00930493
36,20,21,0.005307436
36,21,22,0.153601818
36,22,23,0.268171099
36,23,24,0.895549234
36,24,25,0.737252051
36,25,26,0.700578379
36,26,27,0.580893252
36,27,28,2.04673328
36,28,29,2.488649042
36,29,30,0.784888342
36,30,31,0.003764436
36,31,32,0.003222028
36,32,33,0.002251332
36,33,34,0.008529461
36,34,35,0.008100397
36,35,36,0.002062966
36,36,37,0.009708008
36,37,38,0.00832086
36,38,39,0.001906326
36,39,40,0.010601155
36,40,41,0.00248068
36,41,42,0.002250526
36,42,43,0.005861151
36,43,44,0.008617181
36,44,45,0.002998519
36,45,46,0.01085332
36,46,47,0.008203029
36,47,48,0.008006716
36,48,49,0.010860019
37,0,1,0.008926733
37,1,2,0.005074724
37,2,3,0.005957322
37,3,4,0.002435958
37,4,5,0.008758847
37,5,6,0.005296847
37,6,7,0.005623523
37,7,8,0.007173825
37,8,9,0.003079625
37,9,10,0.00603317
37,10,11,0.007350479
37,11,12,0.009953057
37,12,13,0.010142386
37,13,14,0.004099207
37,14,15,0.004005579
37,15,16,0.005687522
37,16,17,0.004072286
37,17,18,0.009959287
37,18,19,0.010098642
37,19,20,0.003343839
37,20,21,0.009780458
37,21,22,0.008351814
37,22,23,0.005781664
37,23,24,0.001980108
37,24,25,0.001697952
37,25,26,0.001541782
37,26,27,0.001918662
37,27,28,0.009584862
37,28,29,0.004924449
37,29,30,0.001758838
37,30,31,0.008009992
37,31,32,0.007278024
37,32,33,0.005118014
37,33,34,0.005118014
37,34,35,0.001978715
37,35,36,0.010128927
37,36,37,0.009658145
37,37,38,0.001332157
37,38,39,0.005573934
37,39,40,0.008819841
37,40,41,0.003278023
37,41,42,0.009564444
37,42,43,0.004543291
37,43,44,0.009764405
37,44,45,1.218200341
37,45,46,1.534232721
37,46,47,1.703242368
37,47,48,1.196876944
37,48,49,0.253645977
37,49,50,0.009038376
37,50,51,0.001785272
37,51,52,0.008187328
37,52,53,0.00950268
37,53,54,0.003169234
37,54,55,0.004247214
37,55,56,0.002444866
37,56,57,0.009826814
37,57,58,0.005959286
37,58,59,0.003216121
37,59,60,0.002019665
37,60,61,0.010508915
37,61,62,0.002301343
37,62,63,0.001660459
37,63,64,0.006674618
37,64,65,0.003986731
37,65,66,0.001311361
37,66,67,0.004734656
37,67,68,0.003410286
37,68,69,0.005513569
38,0,1,0.003499295
38,1,2,0.004954866
38,2,3,0.00632689
38,3,4,0.004734088
38,4,5,0.00846707
38,5,6,0.002137047
38,6,7,0.008296806
38,7,8,0.010204509
38,8,9,0.007598055
38,9,10,0.010953236
38,10,11,0.002052687
38,11,12,0.003653212
38,12,13,0.007250031
38,13,14,0.007555933
38,14,15,0.002158155
38,15,16,0.006276193
38,16,17,0.004418723
38,17,18,0.008193649
38,18,19,0.006356048
38,19,20,0.001752029
38,20,21,0.004578538
38,21,22,0.004209206
38,22,23,0.008779237
38,23,24,0.003478757
38,24,25,0.00932398
38,25,26,0.008565146
38,26,27,0.006791573
38,27,28,0.00325815
38,28,29,0.004651348
38,29,30,0.003698449
38,30,31,0.004524645
38,31,32,0.004829588
38,32,33,0.010830805
38,33,34,0.003329121
38,34,35,0.008306892
38,35,36,0.010665754
38,36,37,0.001082408
38,37,38,0.001828962
38,38,39,0.006900591
38,39,40,0.002814314
38,40,41,0.004941766
38,41,42,0.01006584
38,42,43,0.223316659
38,43,44,1.509928181
38,44,45,4.058966563
38,45,46,2.340112043
38,46,47,2.666193661
38,47,48,1.091213312
38,48,49,0.194568477
38,49,50,0.194568477
38,50,51,0.007862067
38,51,52,0.010742183
38,52,53,0.010080544
38,53,54,0.001754869
38,54,55,0.006737928
38,55,56,0.008721092
38,56,57,0.006036513
38,57,58,0.007921652
38,58,59,0.00872498
38,59,60,0.009878416
38,60,61,0.004255433
38,61,62,0.001778658
38,62,63,0.009012381
38,63,64,0.010806137
38,64,65,0.001684266
38,65,66,0.009425197
38,66,67,0.002207628
38,67,68,0.004227029
38,68,69,0.007859778
38,69,70,0.009928006
39,0,1,0.006683014
39,1,2,0.007054935
39,2,3,0.007484721
39,3,4,0.00486011
39,4,5,0.006184329
39,5,6,0.007081229
39,6,7,0.006367364
39,7,8,0.001600095
39,8,9,0.003552792
39,9,10,0.001435001
39,10,11,0.01062297
39,11,12,0.004575405
39,12,13,0.00430063
39,13,14,0.004790207
39,14,15,0.004325401
39,15,16,0.010862388
39,16,17,0.008208331
39,17,18,0.007221928
39,18,19,0.007588313
39,19,20,0.003487996
39,20,21,0.005135865
39,21,22,0.007069614
39,22,23,0.00159907
39,23,24,0.007382152
39,24,25,0.007761804
39,25,26,0.005479695
39,26,27,0.008145009
39,27,28,0.006693483
39,28,29,0.001861798
39,29,30,0.00992533
39,30,31,0.001234948
39,31,32,0.010518948
39,32,33,0.008519481
39,33,34,0.004973734
39,34,35,0.875823736
39,35,36,0.875823736
39,36,37,1.351200839
39,37,38,0.568293584
39,38,39,0.802439481
39,39,40,0.887891383
39,40,41,0.752180235
39,41,42,0.19384008
39,42,43,0.001471167
39,43,44,0.002571493
39,44,45,0.003229728
39,45,46,0.007632879
39,46,47,0.009129056
39,47,48,0.001195997
39,48,49,0.001190608
39,49,50,0.007824941
39,50,51,0.005286831
39,51,52,0.004407767
39,52,53,0.006392019
39,53,54,0.0104141
39,54,55,0.009097774
39,55,56,0.009293788
39,56,57,0.00402551
39,57,58,0.00891203
39,58,59,0.00891203
39,59,60,0.002736872
39,60,61,0.009247748
4,0,1,0.001159704
4,1,2,0.008364629
4,2,3,0.001395141
4,3,4,0.006840233
4,4,5,0.007314769
4,5,6,0.007625238
4,6,7,0.006587844
4,7,8,0.002160843
4,8,9,0.003247934
4,9,10,0.00457052
4,10,11,0.007927636
4,11,12,0.010166442
4,12,13,0.005560267
4,13,14,0.004205279
4,14,15,0.001463139
4,15,16,0.006565344
4,16,17,0.010593341
4,17,18,0.002088637
4,18,19,0.006496509
4,19,20,0.006099951
4,20,21,0.007617556
4,21,22,0.00475573
4,22,23,0.005534525
4,23,24,0.008516756
4,24,25,0.005225148
4,25,26,0.004971675
4,26,27,0.008199062
4,27,28,0.003320938
4,28,29,0.004288791
4,29,30,0.004669126
4,30,31,0.003563736
4,31,32,0.004165511
4,32,33,0.00573595
4,33,34,0.007992812
4,34,35,0.008374089
4,35,36,0.002172011
4,36,37,0.010979844
4,37,38,0.006714144
4,38,39,0.006944335
4,39,40,0.010122699
4,40,41,0.002637647
4,41,42,0.009500591
4,42,43,0.006987248
4,43,44,0.008706305
4,44,45,0.004092738
4,45,46,1.462032688
4,46,47,2.055860346
4,47,48,4.446125754
4,48,49,4.056484858
4,49,50,5.42300614
4,50,51,2.940703093
4,51,52,3.23374756
4,52,53,2.771935188
4,53,54,1.949399819
4,54,55,1.365987991
4,55,56,1.88541531
4,56,57,3.349960652
4,57,58,1.867262604
4,58,59,2.056474235
4,59,60,1.401047358
4,60,61,1.236767499
4,61,62,0.597620417
4,62,63,0.909412904
4,63,64,0.424296384
4,64,65,0.52532106
4,65,66,0.91429052
4,66,67,0.65524545
4,67,68,0.699645193
4,68,69,1.332602837
4,69,70,0.556900488
4,70,71,0.244239908
4,71,72,0.00519376
4,72,73,0.002015857
4,73,74,0.010172018
4,74,75,0.004652927
4,75,76,0.00488104
4,76,77,0.00611252
4,77,78,0.007513716
4,78,79,0.002458521
4,79,80,0.010895436
4,80,81,0.002358642
4,81,82,0.001986655
4,82,83,0.007505975
4,83,84,0.007505975
4,84,85,0.009773469
4,85,86,0.005677966
4,86,87,0.009324394
4,87,88,0.007133661
4,88,89,0.003116262
4,89,90,0.005875713
4,90,91,0.009520019
4,91,92,0.006282763
4,92,93,0.009561199
4,93,94,0.002540521
4,94,95,0.005436953
4,95,96,0.002354222
4,96,97,0.004242576
4,97,98,0.01029434
4,98,99,0.008358769
40,0,1,0.008234083
40,1,2,0.006928473
40,2,3,0.006168105
40,3,4,0.002770096
40,4,5,0.008729224
40,5,6,0.004133993
40,6,7,0.005138361
40,7,8,0.004140596
40,8,9,0.005928081
40,9,10,0.005944094
40,10,11,0.002406529
40,11,12,0.009206936
40,12,13,0.005237999
40,13,14,0.008299156
40,14,15,0.008003329
40,15,16,0.005088497
40,16,17,0.005268033
40,17,18,0.005165146
40,18,19,0.008299401
40,19,20,0.006282429
40,20,21,0.006631901
40,21,22,0.006631901
40,22,23,0.001869052
40,23,24,0.002457123
40,24,25,1.411617727
40,25,26,1.187273545
40,26,27,1.317752034
40,27,28,1.629359055
40,28,29,0.311722415
40,29,30,0.009767947
40,30,31,0.009074672
40,31,32,0.003765294
40,32,33,0.00882001
40,33,34,0.003663785
40,34,35,0.003414847
40,35,36,0.006457001
40,36,37,0.001165999
40,37,38,0.007234014
40,38,39,0.006360082
40,39,40,0.009251312
40,40,41,0.004431972
40,41,42,0.003536383
40,42,43,0.003685688
40,43,44,0.009471289
40,44,45,0.010269997
40,45,46,0.008534516
40,46,47,0.009261942
41,0,1,0.007662579
41,1,2,0.010153251
41,2,3,0.004625544
41,3,4,0.006298296
41,4,5,0.005227853
41,5,6,0.005223652
41,6,7,0.004957781
41,7,8,0.003467392
41,8,9,0.002045029
41,9,10,0.002843231
41,10,11,0.00440291
41,11,12,0.005003092
41,12,13,0.006619088
41,13,14,0.008980996
41,14,15,0.001179465
41,15,16,0.669186353
41,16,17,0.954428859
41,17,18,0.55691371
41,18,19,1.326009253
41,19,20,0.732131388
41,20,21,0.431231426
41,21,22,0.00714706
41,22,23,0.007790136
41,23,24,0.00107147
41,24,25,0.004525596
41,25,26,0.004525596
41,26,27,0.007249527
41,27,28,0.008013845
41,28,29,0.002542727
41,29,30,0.0077816
41,30,31,0.002509057
41,31,32,0.002649371
41,32,33,0.004419238
41,33,34,0.01044287
41,34,35,0.002675686
41,35,36,0.007285715
41,36,37,0.010919724
41,37,38,0.010753253
41,38,39,0.002286547
41,39,40,0.001516678
41,40,41,0.00763951
42,0,1,0.001328966
42,1,2,0.002538214
42,2,3,0.009130906
42,3,4,0.004699816
42,4,5,0.004699816
42,5,6,0.00912557
42,6,7,0.005137869
42,7,8,0.001936772
42,8,9,0.007030615
42,9,10,1.350818222
42,10,11,0.941190702
42,11,12,0.331716331
42,12,13,0.785737549
42,13,14,0.328781461
42,14,15,1.27543943
42,15,16,0.288322031
42,16,17,0.004388552
42,17,18,0.010523702
42,18,19,0.005434875
42,19,20,0.002313359
42,20,21,0.008864285
42,21,22,0.003482043
42,22,23,0.005563477
42,23,24,0.004798208
42,24,25,0.008839736
42,25,26,0.001196275
42,26,27,0.002493428
42,27,28,0.010891407
43,0,1,0.001622526
43,1,2,0.001677792
43,2,3,0.005613702
43,3,4,0.008108108
43,4,5,0.008130156
43,5,6,0.009921136
43,6,7,0.003549748
43,7,8,0.291727637
43,8,9,1.109202535
43,9,10,0.710553596
43,10,11,0.5631559
43,11,12,0.718454932
43,12,13,0.284055766
43,13,14,0.119903985
43,14,15,0.005451559
43,15,16,0.002239493
43,16,17,0.003486088
43,17,18,0.007727869
43,18,19,0.008678951
43,19,20,0.003978689
43,20,21,0.003978689
43,21,22,0.001670674
43,22,23,0.00505853
43,23,24,0.005920878
43,24,25,0.00480867
43,25,26,0.009249312
43,26,27,0.00141762
43,27,28,0.003783427
43,28,29,0.007417501
43,29,30,0.004901184
43,30,31,0.002968669
43,31,32,0.009829842
43,32,33,0.005935737
43,33,34,0.010691605
44,0,1,0.007893906
44,1,2,0.009214434
44,2,3,0.00743807
44,3,4,0.00883681
44,4,5,0.010791944
44,5,6,0.005668703
44,6,7,0.009858938
44,7,8,0.00502934
44,8,9,0.111192963
44,9,10,0.344057151
44,10,11,0.412021367
44,11,12,0.190817024
44,12,13,0.147094962
44,13,14,0.168583235
44,14,15,0.058281739
44,15,16,0.006596407
44,16,17,0.001585837
44,17,18,0.009658617
44,18,19,0.00487493
44,19,20,0.008250528
44,20,21,0.002348121
44,21,22,0.010272716
44,22,23,0.009329311
44,23,24,0.005783459
44,24,25,0.00621552
44,25,26,0.002403105
44,26,27,0.009379048
44,27,28,0.008979066
44,28,29,0.008488425
44,29,30,0.003795354
44,30,31,0.006706911
44,31,32,0.00484877
44,32,33,0.002930493
44,33,34,0.00502834
44,34,35,0.005479081
44,35,36,0.001470408
45,0,1,0.007215867
45,1,2,0.008787496
45,2,3,0.00880151
45,3,4,0.01061064
45,4,5,0.001806762
45,5,6,0.010332232
45,6,7,0.007108279
45,7,8,0.003422835
45,8,9,0.001797907
45,9,10,0.009572746
45,10,11,0.233433717
45,11,12,0.250830843
45,12,13,0.250830843
45,13,14,0.075124
45,14,15,0.091711564
45,15,16,0.081800856
45,16,17,0.001011539
45,17,18,0.004805455
45,18,19,0.009686942
45,19,20,0.007123739
45,20,21,0.001885151
45,21,22,0.001636167
45,22,23,0.008254943
45,23,24,0.008349284
45,24,25,0.002849839
45,25,26,0.00665749
45,26,27,0.009408523
45,27,28,0.009841962
45,28,29,0.009128333
45,29,30,0.006762305
45,30,31,0.001999027
45,31,32,0.010364972
45,32,33,0.008537613
45,33,34,0.008431407
45,34,35,0.005266864
45,35,36,0.002654554
45,36,37,0.007022711
45,37,38,0.001671711
45,38,39,0.00168527
45,39,40,0.003380309
46,0,1,0.004631497
46,1,2,0.009786986
46,2,3,0.003105713
46,3,4,0.008754182
46,4,5,0.007773846
46,5,6,0.005408374
46,6,7,0.004351506
46,7,8,0.007102182
46,8,9,0.005150341
46,9,10,0.00682283
46,10,11,0.006605241
46,11,12,0.102829379
46,12,13,0.306031788
46,13,14,0.114071139
46,14,15,0.189618011
46,15,16,0.12181785
46,16,17,0.001167433
46,17,18,0.001021086
46,18,19,0.006535348
46,19,20,0.002379201
46,20,21,0.010565296
46,21,22,0.007329679
46,22,23,0.004114161
46,23,24,0.001663054
46,24,25,0.004218224
46,25,26,0.007471255
46,26,27,0.001731565
46,27,28,0.005608962
46,28,29,0.009249124
46,29,30,0.001949007
46,30,31,0.007813681
46,31,32,0.006769477
46,32,33,0.009344479
46,33,34,0.004973581
46,34,35,0.003531226
46,35,36,0.001482265
46,36,37,0.003838832
47,0,1,0.001881823
47,1,2,0.006446062
47,2,3,0.010184605
47,3,4,0.008758677
47,4,5,0.010764395
47,5,6,0.00676511
47,6,7,0.007607162
47,7,8,0.005920801
47,8,9,0.006549667
47,9,10,0.122333583
47,10,11,0.177489487
47,11,12,0.112732514
47,12,13,0.295437078
47,13,14,0.212065964
47,14,15,0.002513808
47,15,16,0.008075295
47,16,17,0.003181657
47,17,18,0.003542147
47,18,19,0.008305391
47,19,20,0.005836172
47,20,21,0.003373302
47,21,22,0.003442825
47,22,23,0.010192561
47,23,24,0.008770352
47,24,25,0.00162239
47,25,26,0.010674888
47,26,27,0.002781842
47,27,28,0.005601517
47,28,29,0.007072491
47,29,30,0.001701515
47,30,31,0.001607702
47,31,32,0.001655551
47,32,33,0.010805773
5,0,1,0.00277406
5,1,2,0.00687288
5,2,3,0.008611611
5,3,4,0.001336353
5,4,5,0.0076804
5,5,6,0.004464564
5,6,7,0.004602136
5,7,8,0.003343416
5,8,9,0.003858541
5,9,10,0.003992359
5,10,11,0.008634336
5,11,12,0.010754554
5,12,13,0.00296808
5,13,14,0.010895031
5,14,15,0.009659534
5,15,16,0.010712283
5,16,17,0.001066851
5,17,18,0.00683635
5,18,19,0.008253478
5,19,20,0.008276867
5,20,21,0.005868429
5,21,22,0.005850515
5,22,23,0.004624431
5,23,24,0.007406712
5,24,25,0.004187397
5,25,26,0.008189478
5,26,27,0.004036281
5,27,28,0.001930366
5,28,29,0.334450547
5,29,30,0.867853168
5,30,31,1.873454982
5,31,32,2.061336049
5,32,33,1.562447419
5,33,34,2.962387112
5,34,35,3.886856371
5,35,36,3.991056968
5,36,37,1.770189884
5,37,38,2.478760384
5,38,39,0.745396066
5,39,40,1.06577191
5,40,41,0.798675507
5,41,42,0.923707095
5,42,43,1.951537552
5,43,44,1.951537552
5,44,45,1.543006398
5,45,46,2.137762006
5,46,47,1.259831006
5,47,48,0.879439539
5,48,49,0.204133436
5,49,50,0.005247463
5,50,51,0.008409123
5,51,52,0.008003039
5,52,53,0.00938807
5,53,54,0.002115638
5,54,55,0.003570094
5,55,56,0.006667741
5,56,57,0.009400868
5,57,58,0.010778616
5,58,59,0.002049494
5,59,60,0.00157309
5,60,61,0.008967108
5,61,62,0.003891333
5,62,63,0.004706016
5,63,64,0.003350586
5,64,65,0.00923526
5,65,66,0.008968881
5,66,67,0.003162082
5,67,68,0.010241663
5,68,69,0.004799649
5,69,70,0.0084522
5,70,71,0.002195924
5,71,72,0.006909636
5,72,73,0.006849921
5,73,74,0.001028096
5,74,75,0.008777856
5,75,76,0.008777856
6,0,1,0.002293856
6,1,2,0.003328652
6,2,3,0.001818974
6,3,4,0.001415843
6,4,5,0.004349543
6,5,6,0.005585349
6,6,7,0.003796976
6,7,8,0.008604828
6,8,9,0.008886136
6,9,10,0.008496155
6,10,11,0.003295656
6,11,12,0.007092517
6,12,13,0.001125099
6,13,14,0.010039289
6,14,15,0.003922536
6,15,16,0.003508021
6,16,17,0.004974442
6,17,18,0.009729232
6,18,19,0.007941778
6,19,20,0.00657073
6,20,21,0.00714202
6,21,22,0.007186768
6,22,23,0.010202119
6,23,24,0.520237159
6,24,25,0.443305589
6,25,26,0.657975317
6,26,27,0.792938281
6,27,28,1.696105906
6,28,29,0.94432187
6,29,30,2.23746563
6,30,31,2.863154818
6,31,32,5.20918545
6,32,33,6.699607215
6,33,34,10.57219562
6,34,35,3.394177623
6,35,36,6.635387709
6,36,37,6.925632613
6,37,38,6.430887798
6,38,39,1.629343609
6,39,40,2.252086996
6,40,41,2.486791387
6,41,42,2.105816377
6,42,43,0.003011414
6,43,44,0.00381388
6,44,45,0.004118617
6,45,46,0.009355773
6,46,47,0.005966048
6,47,48,0.001314932
6,48,49,0.004361837
6,49,50,0.005063447
6,50,51,0.002156936
6,51,52,0.007115048
6,52,53,0.004813332
6,53,54,0.006216382
6,54,55,0.006216382
6,55,56,0.008472889
6,56,57,0.00254538
6,57,58,0.003679146
6,58,59,0.004413739
6,59,60,0.007603911
6,60,61,0.006255016
6,61,62,0.002953137
6,62,63,0.00707687
6,63,64,0.010402322
6,64,65,0.008277815
6,65,66,0.006308162
6,66,67,0.005720252
6,67,68,0.010239752
7,0,1,0.007714796
7,1,2,0.001524637
7,2,3,0.005808927
7,3,4,0.003669168
7,4,5,0.002225163
7,5,6,0.005230266
7,6,7,0.007839048
7,7,8,0.001862946
7,8,9,0.005405926
7,9,10,0.003683563
7,10,11,0.006230012
7,11,12,0.002051077
7,12,13,0.005148186
7,13,14,0.001857476
7,14,15,0.001821932
7,15,16,0.002001386
7,16,17,0.002001386
7,17,18,0.006717973
7,18,19,0.010247773
7,19,20,0.005101315
7,20,21,0.004813392
7,21,22,0.003460818
7,22,23,0.589227542
7,23,24,1.647684139
7,24,25,1.135578258
7,25,26,0.622256601
7,26,27,0.435933962
7,27,28,0.684703042
7,28,29,0.467747752
7,29,30,0.376346002
7,30,31,0.655109082
7,31,32,0.351401196
7,32,33,0.148368105
7,33,34,0.351872143
7,34,35,0.303838916
7,35,36,0.553032732
7,36,37,0.463045064
7,37,38,0.649167524
7,38,39,0.59631346
7,39,40,1.596245134
7,40,41,1.069791987
7,41,42,1.55837679
7,42,43,2.742346388
7,43,44,3.073473023
7,44,45,2.434794941
7,45,46,2.252731433
7,46,47,2.050926265
7,47,48,0.248033327
7,48,49,0.007472414
7,49,50,0.008567367
7,50,51,0.008565436
7,51,52,0.006835246
7,52,53,0.003210225
7,53,54,0.010508594
7,54,55,0.002799995
7,55,56,0.009510745
7,56,57,0.01076276
7,57,58,0.001125579
7,58,59,0.010211686
7,59,60,0.004562817
7,60,61,0.005342248
7,61,62,0.008444844
7,62,63,0.001503041
7,63,64,0.009814237
7,64,65,0.010947535
7,65,66,0.008478295
7,66,67,0.009607695
7,67,68,0.010529404
7,68,69,0.004353682
7,69,70,0.001272437
7,70,71,0.010718102
7,71,72,0.007952399
7,72,73,0.006457578
7,73,74,0.004216656
8,0,1,0.004922999
8,1,2,0.005425301
8,2,3,0.005939335
8,3,4,0.002881255
8,4,5,0.007977021
8,5,6,0.009136123
8,6,7,0.00471457
8,7,8,0.005297979
8,8,9,0.008696566
8,9,10,0.00972535
8,10,11,0.004179746
8,11,12,0.005683519
8,12,13,0.006947862
8,13,14,0.009415796
8,14,15,0.003762025
8,15,16,0.009737893
8,16,17,0.009737893
8,17,18,0.009612846
8,18,19,0.002211439
8,19,20,0.001093791
8,20,21,0.010643064
8,21,22,0.175997804
8,22,23,0.316677123
8,23,24,0.373799228
8,24,25,0.204907115
8,25,26,0.301673673
8,26,27,0.176968505
8,27,28,0.279117064
8,28,29,0.297680356
8,29,30,1.134018422
8,30,31,1.242357905
8,31,32,3.569355331
8,32,33,1.029672625
8,33,34,1.099657887
8,34,35,6.111165452
8,35,36,5.007034882
8,36,37,7.368895274
8,37,38,5.75868356
8,38,39,1.933110222
8,39,40,3.694606302
8,40,41,2.096506651
8,41,42,2.134181413
8,42,43,1.546387661
8,43,44,1.546387661
8,44,45,2.473100088
8,45,46,0.798308097
8,46,47,1.7174462
8,47,48,0.765346658
8,48,49,0.597335247
8,49,50,0.005293568
8,50,51,0.007749308
8,51,52,0.008538421
8,52,53,0.001838884
8,53,54,0.003862429
8,54,55,0.006361263
8,55,56,0.005060118
8,56,57,0.009610605
8,57,58,0.002797913
8,58,59,0.002167481
8,59,60,0.004129085
8,60,61,0.004812196
8,61,62,0.004812196
8,62,63,0.003087691
8,63,64,0.005396719
8,64,65,0.002668437
9,0,1,0.001196231
9,1,2,0.006671667
9,2,3,0.002153394
9,3,4,0.003246945
9,4,5,0.007500772
9,5,6,0.00862696
9,6,7,0.002222028
9,7,8,0.005808079
9,8,9,0.008173647
9,9,10,0.00701714
9,10,11,0.001170059
9,11,12,0.003232625
9,12,13,0.005043599
9,13,14,0.003786511
9,14,15,0.005852772
9,15,16,0.010501026
9,16,17,0.003117626
9,17,18,0.003117626
9,18,19,0.006534492
9,19,20,0.004911016
9,20,21,0.002514428
9,21,22,0.002092515
9,22,23,0.006306257
9,23,24,0.691847668
9,24,25,1.697597506
9,25,26,1.177227891
9,26,27,1.414907475
9,27,28,1.054918149
9,28,29,1.843969952
9,29,30,1.593065281
9,30,31,2.564865473
9,31,32,5.590199638
9,32,33,5.729245233
9,33,34,3.558974708
9,34,35,5.888902809
9,35,36,4.780696274
9,36,37,2.992174259
9,37,38,2.966894254
9,38,39,1.975372267
9,39,40,1.893536662
9,40,41,1.436487489
9,41,42,1.341281942
9,42,43,0.610769134
9,43,44,0.007354495
9,44,45,0.009083348
9,45,46,0.004895122
9,46,47,0.010846044
9,47,48,0.006780825
9,48,49,0.005708145
9,49,50,0.003435005
9,50,51,0.00958899
9,51,52,0.006154455
9,52,53,0.00133308
9,53,54,0.006239794
9,54,55,0.004986285
9,55,56,0.010427633
9,56,57,0.00946571
9,57,58,0.001576566
9,58,59,0.002837487
9,59,60,0.00146444
9,60,61,0.009294437
9,61,62,0.007199393
9,62,63,0.005972186
9,63,64,0.001697141
